"","state","county","GEO_ID","S2201_C01_021E","S2201_C01_021EA","S2201_C03_001E","S2201_C03_001EA","S2201_C01_001E","S2201_C01_001EA","year"
"1","48","075","0500000US48075",466,NA,325,NA,2391,NA,2015
"2","48","091","0500000US48091",3993,NA,2668,NA,43951,NA,2015
"3","48","225","0500000US48225",1911,NA,1534,NA,8046,NA,2015
"4","48","349","0500000US48349",3134,NA,3556,NA,17477,NA,2015
"5","48","415","0500000US48415",509,NA,634,NA,5832,NA,2015
"6","48","433","0500000US48433",113,NA,63,NA,580,NA,2015
"7","48","021","0500000US48021",3065,NA,2986,NA,25454,NA,2015
"8","48","025","0500000US48025",1802,NA,1393,NA,8762,NA,2015
"9","48","103","0500000US48103",210,NA,120,NA,1542,NA,2015
"10","48","455","0500000US48455",921,NA,528,NA,5325,NA,2015
"11","48","019","0500000US48019",1134,NA,787,NA,8292,NA,2015
"12","48","355","0500000US48355",21571,NA,22176,NA,126900,NA,2015
"13","48","379","0500000US48379",511,NA,451,NA,4201,NA,2015
"14","48","385","0500000US48385",166,NA,119,NA,1224,NA,2015
"15","48","431","0500000US48431",52,NA,20,NA,451,NA,2015
"16","48","065","0500000US48065",151,NA,117,NA,2293,NA,2015
"17","48","161","0500000US48161",1038,NA,1121,NA,7406,NA,2015
"18","48","197","0500000US48197",276,NA,177,NA,1634,NA,2015
"19","48","045","0500000US48045",105,NA,89,NA,675,NA,2015
"20","48","291","0500000US48291",4250,NA,4214,NA,25319,NA,2015
"21","48","301","0500000US48301",12,NA,7,NA,45,NA,2015
"22","48","395","0500000US48395",1128,NA,1213,NA,6065,NA,2015
"23","48","401","0500000US48401",2912,NA,2069,NA,17753,NA,2015
"24","48","407","0500000US48407",1715,NA,1906,NA,9476,NA,2015
"25","48","459","0500000US48459",1906,NA,1979,NA,13844,NA,2015
"26","48","473","0500000US48473",2383,NA,2255,NA,13937,NA,2015
"27","48","493","0500000US48493",1603,NA,1508,NA,15477,NA,2015
"28","48","219","0500000US48219",1215,NA,1133,NA,8089,NA,2015
"29","48","329","0500000US48329",4614,NA,3935,NA,52870,NA,2015
"30","48","299","0500000US48299",1146,NA,697,NA,8654,NA,2015
"31","48","147","0500000US48147",1976,NA,1625,NA,11974,NA,2015
"32","48","041","0500000US48041",20177,NA,7073,NA,73858,NA,2015
"33","48","165","0500000US48165",679,NA,491,NA,5615,NA,2015
"34","48","179","0500000US48179",989,NA,806,NA,8250,NA,2015
"35","48","237","0500000US48237",404,NA,307,NA,3031,NA,2015
"36","48","035","0500000US48035",977,NA,804,NA,6999,NA,2015
"37","48","029","0500000US48029",99880,NA,92205,NA,618831,NA,2015
"38","48","023","0500000US48023",276,NA,247,NA,1723,NA,2015
"39","48","121","0500000US48121",21738,NA,15250,NA,257275,NA,2015
"40","48","167","0500000US48167",15159,NA,12719,NA,113866,NA,2015
"41","48","393","0500000US48393",7,NA,15,NA,350,NA,2015
"42","48","463","0500000US48463",1602,NA,1467,NA,8435,NA,2015
"43","48","037","0500000US48037",6299,NA,5572,NA,33423,NA,2015
"44","48","263","0500000US48263",26,NA,29,NA,372,NA,2015
"45","48","425","0500000US48425",536,NA,348,NA,3386,NA,2015
"46","48","199","0500000US48199",2644,NA,2452,NA,20799,NA,2015
"47","48","289","0500000US48289",790,NA,565,NA,6142,NA,2015
"48","48","351","0500000US48351",612,NA,690,NA,4825,NA,2015
"49","48","389","0500000US48389",679,NA,602,NA,3716,NA,2015
"50","48","453","0500000US48453",59276,NA,41241,NA,428220,NA,2015
"51","48","087","0500000US48087",212,NA,115,NA,1109,NA,2015
"52","48","143","0500000US48143",3713,NA,1589,NA,14572,NA,2015
"53","48","345","0500000US48345",67,NA,44,NA,445,NA,2015
"54","48","083","0500000US48083",706,NA,525,NA,3405,NA,2015
"55","48","325","0500000US48325",2174,NA,2312,NA,14975,NA,2015
"56","48","213","0500000US48213",5038,NA,4459,NA,29780,NA,2015
"57","48","277","0500000US48277",3641,NA,3586,NA,19026,NA,2015
"58","48","267","0500000US48267",418,NA,245,NA,1990,NA,2015
"59","48","477","0500000US48477",1543,NA,1170,NA,11952,NA,2015
"60","48","429","0500000US48429",640,NA,518,NA,3447,NA,2015
"61","48","003","0500000US48003",568,NA,512,NA,5476,NA,2015
"62","48","177","0500000US48177",1269,NA,1071,NA,6477,NA,2015
"63","48","305","0500000US48305",384,NA,409,NA,2188,NA,2015
"64","48","505","0500000US48505",1477,NA,1506,NA,4517,NA,2015
"65","48","221","0500000US48221",2094,NA,1883,NA,20932,NA,2015
"66","48","269","0500000US48269",8,NA,0,NA,113,NA,2015
"67","48","073","0500000US48073",3745,NA,3133,NA,17729,NA,2015
"68","48","119","0500000US48119",425,NA,325,NA,1928,NA,2015
"69","48","253","0500000US48253",947,NA,551,NA,5489,NA,2015
"70","48","249","0500000US48249",3078,NA,2349,NA,13829,NA,2015
"71","48","111","0500000US48111",325,NA,246,NA,2256,NA,2015
"72","48","157","0500000US48157",15058,NA,15323,NA,206188,NA,2015
"73","48","235","0500000US48235",82,NA,34,NA,658,NA,2015
"74","48","489","0500000US48489",2162,NA,1789,NA,5553,NA,2015
"75","48","115","0500000US48115",779,NA,746,NA,4232,NA,2015
"76","48","397","0500000US48397",1714,NA,1641,NA,28457,NA,2015
"77","48","441","0500000US48441",8001,NA,6263,NA,49476,NA,2015
"78","48","447","0500000US48447",88,NA,44,NA,701,NA,2015
"79","48","471","0500000US48471",5000,NA,1834,NA,20685,NA,2015
"80","48","499","0500000US48499",2137,NA,1647,NA,16064,NA,2015
"81","48","007","0500000US48007",1473,NA,1268,NA,9682,NA,2015
"82","48","079","0500000US48079",214,NA,170,NA,1030,NA,2015
"83","48","081","0500000US48081",224,NA,112,NA,1601,NA,2015
"84","48","099","0500000US48099",2816,NA,2378,NA,21829,NA,2015
"85","48","211","0500000US48211",165,NA,120,NA,1466,NA,2015
"86","48","341","0500000US48341",1101,NA,946,NA,6893,NA,2015
"87","48","375","0500000US48375",8812,NA,7750,NA,43227,NA,2015
"88","48","405","0500000US48405",734,NA,534,NA,2882,NA,2015
"89","48","417","0500000US48417",279,NA,164,NA,1377,NA,2015
"90","48","427","0500000US48427",6157,NA,7035,NA,16145,NA,2015
"91","48","461","0500000US48461",215,NA,119,NA,1217,NA,2015
"92","48","049","0500000US48049",2251,NA,1981,NA,13295,NA,2015
"93","48","191","0500000US48191",272,NA,205,NA,1155,NA,2015
"94","48","159","0500000US48159",673,NA,699,NA,4259,NA,2015
"95","48","163","0500000US48163",1004,NA,1162,NA,4794,NA,2015
"96","48","281","0500000US48281",1064,NA,879,NA,7505,NA,2015
"97","48","321","0500000US48321",2871,NA,2386,NA,13382,NA,2015
"98","48","371","0500000US48371",649,NA,444,NA,4339,NA,2015
"99","48","373","0500000US48373",2800,NA,3137,NA,17480,NA,2015
"100","48","391","0500000US48391",504,NA,410,NA,2753,NA,2015
"101","48","467","0500000US48467",2992,NA,2368,NA,18613,NA,2015
"102","48","055","0500000US48055",1869,NA,2200,NA,12451,NA,2015
"103","48","487","0500000US48487",860,NA,912,NA,5212,NA,2015
"104","48","317","0500000US48317",210,NA,71,NA,1630,NA,2015
"105","48","383","0500000US48383",174,NA,47,NA,1217,NA,2015
"106","48","501","0500000US48501",400,NA,173,NA,2727,NA,2015
"107","48","189","0500000US48189",2260,NA,2186,NA,11513,NA,2015
"108","48","419","0500000US48419",1861,NA,1545,NA,9396,NA,2015
"109","48","387","0500000US48387",1057,NA,817,NA,5196,NA,2015
"110","48","399","0500000US48399",659,NA,450,NA,3703,NA,2015
"111","48","435","0500000US48435",137,NA,139,NA,1480,NA,2015
"112","48","451","0500000US48451",6113,NA,5095,NA,42825,NA,2015
"113","48","469","0500000US48469",4622,NA,3930,NA,32510,NA,2015
"114","48","481","0500000US48481",2411,NA,2091,NA,14741,NA,2015
"115","48","485","0500000US48485",8001,NA,6267,NA,47941,NA,2015
"116","48","033","0500000US48033",8,NA,3,NA,262,NA,2015
"117","48","315","0500000US48315",1014,NA,849,NA,4463,NA,2015
"118","48","323","0500000US48323",4433,NA,5218,NA,16030,NA,2015
"119","48","181","0500000US48181",7412,NA,6895,NA,47215,NA,2015
"120","48","297","0500000US48297",446,NA,161,NA,3699,NA,2015
"121","48","363","0500000US48363",2023,NA,1543,NA,10562,NA,2015
"122","48","255","0500000US48255",1003,NA,934,NA,4309,NA,2015
"123","48","123","0500000US48123",1232,NA,966,NA,7061,NA,2015
"124","48","059","0500000US48059",1075,NA,458,NA,5273,NA,2015
"125","48","067","0500000US48067",2190,NA,1985,NA,11691,NA,2015
"126","48","183","0500000US48183",7463,NA,6617,NA,45618,NA,2015
"127","48","313","0500000US48313",760,NA,680,NA,4121,NA,2015
"128","48","303","0500000US48303",19568,NA,14032,NA,107540,NA,2015
"129","48","257","0500000US48257",4640,NA,4135,NA,35418,NA,2015
"130","48","259","0500000US48259",1048,NA,860,NA,13552,NA,2015
"131","48","153","0500000US48153",456,NA,533,NA,2413,NA,2015
"132","48","017","0500000US48017",376,NA,394,NA,2392,NA,2015
"133","48","071","0500000US48071",1499,NA,823,NA,13018,NA,2015
"134","48","027","0500000US48027",15989,NA,14145,NA,109844,NA,2015
"135","48","061","0500000US48061",37292,NA,34429,NA,121097,NA,2015
"136","48","117","0500000US48117",1179,NA,991,NA,6194,NA,2015
"137","48","141","0500000US48141",56036,NA,61123,NA,259612,NA,2015
"138","48","283","0500000US48283",328,NA,415,NA,1971,NA,2015
"139","48","443","0500000US48443",107,NA,5,NA,466,NA,2015
"140","48","457","0500000US48457",1464,NA,1521,NA,7968,NA,2015
"141","48","483","0500000US48483",288,NA,213,NA,2293,NA,2015
"142","48","009","0500000US48009",301,NA,235,NA,3350,NA,2015
"143","48","043","0500000US48043",520,NA,443,NA,4025,NA,2015
"144","48","215","0500000US48215",69943,NA,71890,NA,224021,NA,2015
"145","48","423","0500000US48423",12116,NA,9243,NA,78778,NA,2015
"146","48","227","0500000US48227",1778,NA,1441,NA,11206,NA,2015
"147","48","333","0500000US48333",299,NA,108,NA,1848,NA,2015
"148","48","337","0500000US48337",1124,NA,815,NA,8024,NA,2015
"149","48","365","0500000US48365",1307,NA,1169,NA,8923,NA,2015
"150","48","403","0500000US48403",864,NA,348,NA,3795,NA,2015
"151","48","421","0500000US48421",101,NA,49,NA,986,NA,2015
"152","48","437","0500000US48437",517,NA,425,NA,2594,NA,2015
"153","48","231","0500000US48231",5812,NA,4844,NA,30832,NA,2015
"154","48","063","0500000US48063",779,NA,886,NA,4431,NA,2015
"155","48","195","0500000US48195",304,NA,203,NA,1972,NA,2015
"156","48","187","0500000US48187",4913,NA,4394,NA,48940,NA,2015
"157","48","077","0500000US48077",537,NA,403,NA,4146,NA,2015
"158","48","205","0500000US48205",95,NA,92,NA,1769,NA,2015
"159","48","217","0500000US48217",2387,NA,2360,NA,12902,NA,2015
"160","48","293","0500000US48293",1457,NA,963,NA,8084,NA,2015
"161","48","347","0500000US48347",5758,NA,3631,NA,23888,NA,2015
"162","48","369","0500000US48369",485,NA,349,NA,3224,NA,2015
"163","48","367","0500000US48367",3936,NA,3380,NA,42781,NA,2015
"164","48","377","0500000US48377",607,NA,714,NA,2634,NA,2015
"165","48","465","0500000US48465",3027,NA,3191,NA,14790,NA,2015
"166","48","109","0500000US48109",222,NA,189,NA,788,NA,2015
"167","48","135","0500000US48135",6375,NA,6730,NA,50868,NA,2015
"168","48","169","0500000US48169",154,NA,206,NA,1532,NA,2015
"169","48","173","0500000US48173",25,NA,9,NA,431,NA,2015
"170","48","185","0500000US48185",1580,NA,1320,NA,9005,NA,2015
"171","48","085","0500000US48085",21998,NA,11843,NA,305827,NA,2015
"172","48","005","0500000US48005",5182,NA,5980,NA,30583,NA,2015
"173","48","101","0500000US48101",137,NA,105,NA,635,NA,2015
"174","48","209","0500000US48209",9918,NA,5203,NA,61360,NA,2015
"175","48","039","0500000US48039",11953,NA,10414,NA,112510,NA,2015
"176","48","129","0500000US48129",220,NA,131,NA,1311,NA,2015
"177","48","105","0500000US48105",316,NA,72,NA,1433,NA,2015
"178","48","207","0500000US48207",455,NA,518,NA,2285,NA,2015
"179","48","013","0500000US48013",2556,NA,2789,NA,15363,NA,2015
"180","48","353","0500000US48353",1101,NA,953,NA,5599,NA,2015
"181","48","229","0500000US48229",311,NA,238,NA,968,NA,2015
"182","48","475","0500000US48475",648,NA,451,NA,3883,NA,2015
"183","48","203","0500000US48203",3934,NA,3124,NA,23546,NA,2015
"184","48","327","0500000US48327",176,NA,200,NA,951,NA,2015
"185","48","149","0500000US48149",1262,NA,682,NA,9558,NA,2015
"186","48","491","0500000US48491",11048,NA,9624,NA,161793,NA,2015
"187","48","233","0500000US48233",1313,NA,1138,NA,8297,NA,2015
"188","48","343","0500000US48343",859,NA,1041,NA,4954,NA,2015
"189","48","361","0500000US48361",4934,NA,5123,NA,32054,NA,2015
"190","48","495","0500000US48495",386,NA,327,NA,2628,NA,2015
"191","48","201","0500000US48201",234184,NA,197818,NA,1499528,NA,2015
"192","48","053","0500000US48053",1996,NA,1943,NA,16940,NA,2015
"193","48","171","0500000US48171",1071,NA,691,NA,10577,NA,2015
"194","48","113","0500000US48113",145519,NA,129392,NA,881279,NA,2015
"195","48","311","0500000US48311",40,NA,21,NA,278,NA,2015
"196","48","503","0500000US48503",988,NA,701,NA,7115,NA,2015
"197","48","251","0500000US48251",5874,NA,6281,NA,53685,NA,2015
"198","48","223","0500000US48223",2318,NA,1865,NA,13273,NA,2015
"199","48","357","0500000US48357",521,NA,359,NA,3696,NA,2015
"200","48","275","0500000US48275",265,NA,201,NA,1437,NA,2015
"201","48","309","0500000US48309",17374,NA,12054,NA,86769,NA,2015
"202","48","095","0500000US48095",93,NA,49,NA,813,NA,2015
"203","48","137","0500000US48137",110,NA,131,NA,747,NA,2015
"204","48","133","0500000US48133",1316,NA,835,NA,6810,NA,2015
"205","48","243","0500000US48243",94,NA,75,NA,1023,NA,2015
"206","48","247","0500000US48247",376,NA,425,NA,1688,NA,2015
"207","48","479","0500000US48479",20173,NA,22194,NA,69668,NA,2015
"208","48","011","0500000US48011",53,NA,14,NA,714,NA,2015
"209","48","069","0500000US48069",369,NA,305,NA,2501,NA,2015
"210","48","273","0500000US48273",2923,NA,2081,NA,10906,NA,2015
"211","48","097","0500000US48097",1860,NA,1998,NA,14598,NA,2015
"212","48","107","0500000US48107",452,NA,464,NA,2189,NA,2015
"213","48","151","0500000US48151",295,NA,173,NA,1667,NA,2015
"214","48","131","0500000US48131",941,NA,1062,NA,3937,NA,2015
"215","48","031","0500000US48031",358,NA,206,NA,4164,NA,2015
"216","48","339","0500000US48339",18254,NA,12500,NA,173238,NA,2015
"217","48","127","0500000US48127",748,NA,917,NA,3568,NA,2015
"218","48","241","0500000US48241",2114,NA,1833,NA,12310,NA,2015
"219","48","245","0500000US48245",17579,NA,16625,NA,93495,NA,2015
"220","48","271","0500000US48271",171,NA,143,NA,1079,NA,2015
"221","48","359","0500000US48359",82,NA,35,NA,640,NA,2015
"222","48","279","0500000US48279",1002,NA,888,NA,4865,NA,2015
"223","48","295","0500000US48295",108,NA,63,NA,1198,NA,2015
"224","48","307","0500000US48307",505,NA,543,NA,3145,NA,2015
"225","48","319","0500000US48319",285,NA,128,NA,1714,NA,2015
"226","48","125","0500000US48125",171,NA,174,NA,878,NA,2015
"227","48","287","0500000US48287",893,NA,522,NA,5996,NA,2015
"228","48","439","0500000US48439",89406,NA,79741,NA,673737,NA,2015
"229","48","001","0500000US48001",2751,NA,2303,NA,16737,NA,2015
"230","48","139","0500000US48139",5862,NA,5635,NA,52653,NA,2015
"231","48","239","0500000US48239",681,NA,460,NA,5109,NA,2015
"232","48","265","0500000US48265",2776,NA,2305,NA,20316,NA,2015
"233","48","331","0500000US48331",1635,NA,1909,NA,9346,NA,2015
"234","48","093","0500000US48093",1007,NA,463,NA,5119,NA,2015
"235","48","145","0500000US48145",1195,NA,968,NA,5418,NA,2015
"236","48","047","0500000US48047",807,NA,832,NA,2080,NA,2015
"237","48","015","0500000US48015",1224,NA,1111,NA,11038,NA,2015
"238","48","261","0500000US48261",29,NA,20,NA,145,NA,2015
"239","48","089","0500000US48089",1249,NA,842,NA,7657,NA,2015
"240","48","409","0500000US48409",3222,NA,2532,NA,22781,NA,2015
"241","48","381","0500000US48381",5142,NA,3714,NA,48770,NA,2015
"242","48","411","0500000US48411",339,NA,202,NA,2126,NA,2015
"243","48","413","0500000US48413",228,NA,94,NA,1074,NA,2015
"244","48","507","0500000US48507",1367,NA,1402,NA,3627,NA,2015
"245","48","057","0500000US48057",1403,NA,1005,NA,7994,NA,2015
"246","48","155","0500000US48155",49,NA,67,NA,507,NA,2015
"247","48","175","0500000US48175",449,NA,280,NA,2881,NA,2015
"248","48","193","0500000US48193",540,NA,518,NA,3166,NA,2015
"249","48","335","0500000US48335",325,NA,339,NA,2753,NA,2015
"250","48","449","0500000US48449",1952,NA,1654,NA,10461,NA,2015
"251","48","285","0500000US48285",838,NA,595,NA,7701,NA,2015
"252","48","445","0500000US48445",629,NA,764,NA,4046,NA,2015
"253","48","497","0500000US48497",2352,NA,2550,NA,21068,NA,2015
"254","48","051","0500000US48051",1040,NA,1062,NA,6401,NA,2015
"255","48","407","0500000US48407",1472,NA,1765,NA,9631,NA,2016
"256","48","459","0500000US48459",1925,NA,1969,NA,13941,NA,2016
"257","48","473","0500000US48473",2364,NA,2469,NA,14082,NA,2016
"258","48","493","0500000US48493",1494,NA,1386,NA,15474,NA,2016
"259","48","219","0500000US48219",1251,NA,1134,NA,8103,NA,2016
"260","48","329","0500000US48329",4033,NA,4084,NA,53960,NA,2016
"261","48","299","0500000US48299",1088,NA,666,NA,8796,NA,2016
"262","48","147","0500000US48147",2083,NA,1456,NA,12022,NA,2016
"263","48","041","0500000US48041",20187,NA,6659,NA,75797,NA,2016
"264","48","165","0500000US48165",630,NA,393,NA,5630,NA,2016
"265","48","179","0500000US48179",1175,NA,965,NA,8201,NA,2016
"266","48","237","0500000US48237",438,NA,326,NA,3066,NA,2016
"267","48","035","0500000US48035",959,NA,784,NA,7098,NA,2016
"268","48","029","0500000US48029",99633,NA,90425,NA,623321,NA,2016
"269","48","023","0500000US48023",277,NA,304,NA,1703,NA,2016
"270","48","121","0500000US48121",22433,NA,15793,NA,265790,NA,2016
"271","48","167","0500000US48167",15199,NA,13104,NA,115685,NA,2016
"272","48","393","0500000US48393",7,NA,12,NA,342,NA,2016
"273","48","463","0500000US48463",1605,NA,1632,NA,8512,NA,2016
"274","48","037","0500000US48037",6370,NA,5186,NA,33586,NA,2016
"275","48","263","0500000US48263",35,NA,36,NA,284,NA,2016
"276","48","425","0500000US48425",617,NA,368,NA,3241,NA,2016
"277","48","199","0500000US48199",2613,NA,2189,NA,20408,NA,2016
"278","48","289","0500000US48289",987,NA,656,NA,6279,NA,2016
"279","48","351","0500000US48351",741,NA,773,NA,4629,NA,2016
"280","48","389","0500000US48389",674,NA,506,NA,3764,NA,2016
"281","48","453","0500000US48453",56408,NA,38749,NA,437831,NA,2016
"282","48","087","0500000US48087",190,NA,200,NA,1097,NA,2016
"283","48","143","0500000US48143",3620,NA,1744,NA,14197,NA,2016
"284","48","345","0500000US48345",66,NA,55,NA,475,NA,2016
"285","48","083","0500000US48083",638,NA,458,NA,3407,NA,2016
"286","48","325","0500000US48325",2052,NA,2149,NA,15104,NA,2016
"287","48","213","0500000US48213",5021,NA,4333,NA,29785,NA,2016
"288","48","277","0500000US48277",3866,NA,3695,NA,19077,NA,2016
"289","48","267","0500000US48267",404,NA,276,NA,2119,NA,2016
"290","48","477","0500000US48477",1596,NA,1055,NA,11984,NA,2016
"291","48","429","0500000US48429",618,NA,513,NA,3338,NA,2016
"292","48","003","0500000US48003",552,NA,454,NA,5392,NA,2016
"293","48","177","0500000US48177",1253,NA,1125,NA,6611,NA,2016
"294","48","305","0500000US48305",412,NA,403,NA,2157,NA,2016
"295","48","505","0500000US48505",1314,NA,1403,NA,4501,NA,2016
"296","48","221","0500000US48221",2163,NA,1858,NA,21040,NA,2016
"297","48","269","0500000US48269",3,NA,2,NA,114,NA,2016
"298","48","073","0500000US48073",3602,NA,2946,NA,17683,NA,2016
"299","48","119","0500000US48119",382,NA,346,NA,1971,NA,2016
"300","48","253","0500000US48253",834,NA,687,NA,5580,NA,2016
"301","48","249","0500000US48249",2812,NA,2193,NA,13557,NA,2016
"302","48","111","0500000US48111",331,NA,247,NA,2360,NA,2016
"303","48","157","0500000US48157",15796,NA,15876,NA,214126,NA,2016
"304","48","235","0500000US48235",74,NA,23,NA,632,NA,2016
"305","48","489","0500000US48489",2119,NA,1578,NA,5798,NA,2016
"306","48","115","0500000US48115",781,NA,592,NA,4329,NA,2016
"307","48","373","0500000US48373",3062,NA,2987,NA,17790,NA,2016
"308","48","391","0500000US48391",449,NA,370,NA,2761,NA,2016
"309","48","467","0500000US48467",2986,NA,2237,NA,19059,NA,2016
"310","48","055","0500000US48055",1939,NA,2186,NA,12664,NA,2016
"311","48","487","0500000US48487",820,NA,993,NA,5219,NA,2016
"312","48","317","0500000US48317",198,NA,91,NA,1629,NA,2016
"313","48","383","0500000US48383",163,NA,36,NA,1190,NA,2016
"314","48","501","0500000US48501",353,NA,147,NA,2674,NA,2016
"315","48","189","0500000US48189",2154,NA,1954,NA,11335,NA,2016
"316","48","419","0500000US48419",1936,NA,1657,NA,9120,NA,2016
"317","48","387","0500000US48387",930,NA,700,NA,5163,NA,2016
"318","48","399","0500000US48399",615,NA,459,NA,3792,NA,2016
"319","48","435","0500000US48435",138,NA,138,NA,1481,NA,2016
"320","48","451","0500000US48451",5831,NA,4992,NA,43311,NA,2016
"321","48","469","0500000US48469",4403,NA,3816,NA,32513,NA,2016
"322","48","481","0500000US48481",2455,NA,2028,NA,14979,NA,2016
"323","48","485","0500000US48485",8565,NA,6725,NA,48615,NA,2016
"324","48","033","0500000US48033",13,NA,5,NA,251,NA,2016
"325","48","315","0500000US48315",1019,NA,924,NA,4387,NA,2016
"326","48","323","0500000US48323",4238,NA,5055,NA,16221,NA,2016
"327","48","181","0500000US48181",7145,NA,6561,NA,47161,NA,2016
"328","48","297","0500000US48297",481,NA,214,NA,3670,NA,2016
"329","48","363","0500000US48363",1901,NA,1488,NA,10416,NA,2016
"330","48","255","0500000US48255",984,NA,826,NA,4288,NA,2016
"331","48","123","0500000US48123",1253,NA,923,NA,7105,NA,2016
"332","48","059","0500000US48059",1095,NA,456,NA,5239,NA,2016
"333","48","067","0500000US48067",2150,NA,2006,NA,11770,NA,2016
"334","48","183","0500000US48183",7421,NA,6918,NA,45446,NA,2016
"335","48","313","0500000US48313",697,NA,575,NA,4121,NA,2016
"336","48","303","0500000US48303",19637,NA,14487,NA,109024,NA,2016
"337","48","257","0500000US48257",4666,NA,3912,NA,35739,NA,2016
"338","48","259","0500000US48259",845,NA,859,NA,13390,NA,2016
"339","48","153","0500000US48153",469,NA,537,NA,2444,NA,2016
"340","48","017","0500000US48017",361,NA,299,NA,2317,NA,2016
"341","48","385","0500000US48385",219,NA,96,NA,1192,NA,2016
"342","48","051","0500000US48051",886,NA,948,NA,6385,NA,2016
"343","48","355","0500000US48355",20738,NA,20955,NA,128133,NA,2016
"344","48","379","0500000US48379",512,NA,457,NA,4252,NA,2016
"345","48","431","0500000US48431",40,NA,19,NA,453,NA,2016
"346","48","065","0500000US48065",154,NA,135,NA,2324,NA,2016
"347","48","161","0500000US48161",1066,NA,1108,NA,7339,NA,2016
"348","48","117","0500000US48117",961,NA,868,NA,6081,NA,2016
"349","48","071","0500000US48071",1455,NA,731,NA,12967,NA,2016
"350","48","027","0500000US48027",16002,NA,15095,NA,113027,NA,2016
"351","48","061","0500000US48061",36930,NA,33303,NA,121290,NA,2016
"352","48","141","0500000US48141",56117,NA,60578,NA,261415,NA,2016
"353","48","283","0500000US48283",405,NA,374,NA,2101,NA,2016
"354","48","443","0500000US48443",102,NA,5,NA,396,NA,2016
"355","48","457","0500000US48457",1222,NA,1308,NA,7608,NA,2016
"356","48","483","0500000US48483",314,NA,196,NA,2330,NA,2016
"357","48","009","0500000US48009",294,NA,212,NA,3331,NA,2016
"358","48","043","0500000US48043",465,NA,522,NA,4014,NA,2016
"359","48","215","0500000US48215",68221,NA,70773,NA,227477,NA,2016
"360","48","423","0500000US48423",11405,NA,8849,NA,78040,NA,2016
"361","48","105","0500000US48105",377,NA,88,NA,1431,NA,2016
"362","48","207","0500000US48207",411,NA,462,NA,2193,NA,2016
"363","48","227","0500000US48227",1779,NA,1421,NA,11229,NA,2016
"364","48","333","0500000US48333",273,NA,104,NA,1875,NA,2016
"365","48","337","0500000US48337",1203,NA,930,NA,8083,NA,2016
"366","48","365","0500000US48365",1191,NA,1129,NA,8905,NA,2016
"367","48","403","0500000US48403",712,NA,378,NA,3682,NA,2016
"368","48","421","0500000US48421",133,NA,51,NA,1017,NA,2016
"369","48","437","0500000US48437",566,NA,437,NA,2630,NA,2016
"370","48","231","0500000US48231",5834,NA,5083,NA,31154,NA,2016
"371","48","063","0500000US48063",776,NA,804,NA,4544,NA,2016
"372","48","195","0500000US48195",309,NA,155,NA,1979,NA,2016
"373","48","187","0500000US48187",5175,NA,4079,NA,49930,NA,2016
"374","48","077","0500000US48077",635,NA,477,NA,4106,NA,2016
"375","48","205","0500000US48205",113,NA,147,NA,1812,NA,2016
"376","48","217","0500000US48217",2134,NA,2135,NA,12806,NA,2016
"377","48","293","0500000US48293",1474,NA,1026,NA,8046,NA,2016
"378","48","347","0500000US48347",5717,NA,3833,NA,23942,NA,2016
"379","48","369","0500000US48369",490,NA,326,NA,3219,NA,2016
"380","48","367","0500000US48367",3981,NA,3478,NA,43270,NA,2016
"381","48","377","0500000US48377",738,NA,787,NA,2565,NA,2016
"382","48","465","0500000US48465",3072,NA,3097,NA,14977,NA,2016
"383","48","109","0500000US48109",195,NA,159,NA,762,NA,2016
"384","48","135","0500000US48135",6172,NA,6392,NA,50950,NA,2016
"385","48","169","0500000US48169",185,NA,280,NA,1625,NA,2016
"386","48","173","0500000US48173",20,NA,8,NA,438,NA,2016
"387","48","185","0500000US48185",1568,NA,1397,NA,9000,NA,2016
"388","48","085","0500000US48085",22140,NA,11648,NA,314918,NA,2016
"389","48","005","0500000US48005",5461,NA,6070,NA,30495,NA,2016
"390","48","101","0500000US48101",178,NA,142,NA,679,NA,2016
"391","48","209","0500000US48209",10456,NA,5026,NA,64324,NA,2016
"392","48","039","0500000US48039",11989,NA,9859,NA,114290,NA,2016
"393","48","129","0500000US48129",200,NA,141,NA,1287,NA,2016
"394","48","013","0500000US48013",2255,NA,2419,NA,15343,NA,2016
"395","48","353","0500000US48353",998,NA,902,NA,5625,NA,2016
"396","48","229","0500000US48229",314,NA,254,NA,940,NA,2016
"397","48","475","0500000US48475",661,NA,427,NA,3926,NA,2016
"398","48","203","0500000US48203",4023,NA,3257,NA,23473,NA,2016
"399","48","327","0500000US48327",171,NA,197,NA,936,NA,2016
"400","48","149","0500000US48149",1152,NA,742,NA,9553,NA,2016
"401","48","491","0500000US48491",10852,NA,9169,NA,165425,NA,2016
"402","48","233","0500000US48233",1339,NA,1062,NA,7910,NA,2016
"403","48","343","0500000US48343",929,NA,983,NA,5015,NA,2016
"404","48","361","0500000US48361",5009,NA,5148,NA,32269,NA,2016
"405","48","495","0500000US48495",423,NA,316,NA,2623,NA,2016
"406","48","201","0500000US48201",234656,NA,203096,NA,1536259,NA,2016
"407","48","053","0500000US48053",1719,NA,1492,NA,16299,NA,2016
"408","48","171","0500000US48171",1052,NA,724,NA,10498,NA,2016
"409","48","251","0500000US48251",5952,NA,5695,NA,53880,NA,2016
"410","48","113","0500000US48113",143459,NA,129745,NA,894542,NA,2016
"411","48","311","0500000US48311",22,NA,9,NA,233,NA,2016
"412","48","503","0500000US48503",1084,NA,799,NA,7146,NA,2016
"413","48","223","0500000US48223",2309,NA,1821,NA,13259,NA,2016
"414","48","357","0500000US48357",491,NA,342,NA,3587,NA,2016
"415","48","275","0500000US48275",223,NA,184,NA,1374,NA,2016
"416","48","309","0500000US48309",16548,NA,11343,NA,87185,NA,2016
"417","48","095","0500000US48095",122,NA,37,NA,790,NA,2016
"418","48","137","0500000US48137",109,NA,108,NA,718,NA,2016
"419","48","133","0500000US48133",1351,NA,742,NA,6752,NA,2016
"420","48","243","0500000US48243",119,NA,84,NA,1013,NA,2016
"421","48","247","0500000US48247",388,NA,439,NA,1592,NA,2016
"422","48","339","0500000US48339",17588,NA,12001,NA,179587,NA,2016
"423","48","127","0500000US48127",882,NA,939,NA,3457,NA,2016
"424","48","479","0500000US48479",20953,NA,22136,NA,71092,NA,2016
"425","48","011","0500000US48011",70,NA,15,NA,702,NA,2016
"426","48","069","0500000US48069",368,NA,341,NA,2490,NA,2016
"427","48","273","0500000US48273",2551,NA,2008,NA,10777,NA,2016
"428","48","097","0500000US48097",1903,NA,1900,NA,14896,NA,2016
"429","48","107","0500000US48107",394,NA,467,NA,2110,NA,2016
"430","48","151","0500000US48151",302,NA,194,NA,1650,NA,2016
"431","48","131","0500000US48131",965,NA,1120,NA,3892,NA,2016
"432","48","031","0500000US48031",377,NA,172,NA,4174,NA,2016
"433","48","241","0500000US48241",1845,NA,1675,NA,11910,NA,2016
"434","48","245","0500000US48245",17768,NA,15219,NA,94097,NA,2016
"435","48","271","0500000US48271",175,NA,126,NA,1139,NA,2016
"436","48","359","0500000US48359",64,NA,35,NA,616,NA,2016
"437","48","279","0500000US48279",884,NA,751,NA,4817,NA,2016
"438","48","295","0500000US48295",126,NA,71,NA,1235,NA,2016
"439","48","307","0500000US48307",508,NA,673,NA,3101,NA,2016
"440","48","319","0500000US48319",283,NA,137,NA,1688,NA,2016
"441","48","125","0500000US48125",159,NA,141,NA,869,NA,2016
"442","48","287","0500000US48287",947,NA,516,NA,6014,NA,2016
"443","48","439","0500000US48439",86901,NA,81101,NA,682967,NA,2016
"444","48","001","0500000US48001",2516,NA,2079,NA,16572,NA,2016
"445","48","139","0500000US48139",5687,NA,5342,NA,53803,NA,2016
"446","48","239","0500000US48239",736,NA,488,NA,5164,NA,2016
"447","48","265","0500000US48265",2853,NA,2391,NA,20476,NA,2016
"448","48","331","0500000US48331",1530,NA,1958,NA,9423,NA,2016
"449","48","093","0500000US48093",953,NA,516,NA,5079,NA,2016
"450","48","145","0500000US48145",1289,NA,1112,NA,5447,NA,2016
"451","48","047","0500000US48047",772,NA,820,NA,2031,NA,2016
"452","48","015","0500000US48015",1531,NA,1137,NA,11222,NA,2016
"453","48","261","0500000US48261",33,NA,20,NA,170,NA,2016
"454","48","089","0500000US48089",1140,NA,666,NA,7624,NA,2016
"455","48","409","0500000US48409",3266,NA,2654,NA,23237,NA,2016
"456","48","381","0500000US48381",4988,NA,3473,NA,48893,NA,2016
"457","48","411","0500000US48411",363,NA,204,NA,2110,NA,2016
"458","48","413","0500000US48413",169,NA,83,NA,1091,NA,2016
"459","48","507","0500000US48507",1368,NA,1468,NA,3638,NA,2016
"460","48","057","0500000US48057",1323,NA,933,NA,7800,NA,2016
"461","48","155","0500000US48155",36,NA,59,NA,526,NA,2016
"462","48","175","0500000US48175",415,NA,296,NA,2798,NA,2016
"463","48","193","0500000US48193",592,NA,553,NA,3231,NA,2016
"464","48","335","0500000US48335",287,NA,302,NA,2660,NA,2016
"465","48","449","0500000US48449",1943,NA,1658,NA,10573,NA,2016
"466","48","285","0500000US48285",958,NA,605,NA,7741,NA,2016
"467","48","445","0500000US48445",581,NA,875,NA,4214,NA,2016
"468","48","497","0500000US48497",2396,NA,2411,NA,21427,NA,2016
"469","48","321","0500000US48321",2991,NA,2216,NA,13666,NA,2016
"470","48","447","0500000US48447",123,NA,31,NA,725,NA,2016
"471","48","371","0500000US48371",557,NA,421,NA,4334,NA,2016
"472","48","397","0500000US48397",1768,NA,1617,NA,29392,NA,2016
"473","48","441","0500000US48441",8109,NA,6390,NA,49489,NA,2016
"474","48","471","0500000US48471",4909,NA,1456,NA,20695,NA,2016
"475","48","499","0500000US48499",2088,NA,1579,NA,16097,NA,2016
"476","48","007","0500000US48007",1369,NA,990,NA,9552,NA,2016
"477","48","079","0500000US48079",229,NA,170,NA,1007,NA,2016
"478","48","081","0500000US48081",265,NA,134,NA,1567,NA,2016
"479","48","099","0500000US48099",2999,NA,2520,NA,22791,NA,2016
"480","48","211","0500000US48211",154,NA,115,NA,1374,NA,2016
"481","48","341","0500000US48341",1047,NA,907,NA,6772,NA,2016
"482","48","375","0500000US48375",8651,NA,7598,NA,43154,NA,2016
"483","48","405","0500000US48405",747,NA,539,NA,2972,NA,2016
"484","48","417","0500000US48417",253,NA,166,NA,1317,NA,2016
"485","48","427","0500000US48427",6063,NA,7070,NA,16219,NA,2016
"486","48","461","0500000US48461",246,NA,98,NA,1263,NA,2016
"487","48","049","0500000US48049",2207,NA,1900,NA,13361,NA,2016
"488","48","191","0500000US48191",312,NA,244,NA,1235,NA,2016
"489","48","159","0500000US48159",652,NA,597,NA,4114,NA,2016
"490","48","163","0500000US48163",1043,NA,1280,NA,4660,NA,2016
"491","48","281","0500000US48281",1016,NA,872,NA,7583,NA,2016
"492","48","197","0500000US48197",285,NA,194,NA,1590,NA,2016
"493","48","045","0500000US48045",95,NA,80,NA,698,NA,2016
"494","48","291","0500000US48291",4185,NA,4312,NA,25611,NA,2016
"495","48","301","0500000US48301",5,NA,7,NA,37,NA,2016
"496","48","395","0500000US48395",1040,NA,1146,NA,6366,NA,2016
"497","48","401","0500000US48401",2749,NA,2237,NA,17795,NA,2016
"498","48","455","0500000US48455",857,NA,647,NA,5459,NA,2016
"499","48","019","0500000US48019",1331,NA,811,NA,8256,NA,2016
"500","48","075","0500000US48075",561,NA,346,NA,2356,NA,2016
"501","48","091","0500000US48091",4210,NA,2534,NA,45338,NA,2016
"502","48","225","0500000US48225",1915,NA,1397,NA,8221,NA,2016
"503","48","349","0500000US48349",3082,NA,3588,NA,17409,NA,2016
"504","48","415","0500000US48415",454,NA,586,NA,5908,NA,2016
"505","48","433","0500000US48433",80,NA,60,NA,501,NA,2016
"506","48","021","0500000US48021",3080,NA,3134,NA,25822,NA,2016
"507","48","025","0500000US48025",1772,NA,1240,NA,8698,NA,2016
"508","48","103","0500000US48103",209,NA,88,NA,1543,NA,2016
"509","48","373","0500000US48373",3163,NA,2815,NA,17632,NA,2017
"510","48","391","0500000US48391",439,NA,316,NA,2694,NA,2017
"511","48","467","0500000US48467",2669,NA,2343,NA,19354,NA,2017
"512","48","055","0500000US48055",1923,NA,1925,NA,12894,NA,2017
"513","48","487","0500000US48487",758,NA,897,NA,5155,NA,2017
"514","48","317","0500000US48317",139,NA,42,NA,1635,NA,2017
"515","48","383","0500000US48383",154,NA,34,NA,1171,NA,2017
"516","48","501","0500000US48501",356,NA,170,NA,2652,NA,2017
"517","48","189","0500000US48189",2125,NA,1974,NA,11217,NA,2017
"518","48","419","0500000US48419",1994,NA,1725,NA,9218,NA,2017
"519","48","387","0500000US48387",952,NA,714,NA,5218,NA,2017
"520","48","399","0500000US48399",590,NA,439,NA,3781,NA,2017
"521","48","407","0500000US48407",1590,NA,1713,NA,9414,NA,2017
"522","48","435","0500000US48435",97,NA,107,NA,1573,NA,2017
"523","48","451","0500000US48451",5626,NA,4112,NA,43081,NA,2017
"524","48","459","0500000US48459",2007,NA,1979,NA,14061,NA,2017
"525","48","469","0500000US48469",4378,NA,3757,NA,32734,NA,2017
"526","48","473","0500000US48473",2472,NA,2469,NA,14698,NA,2017
"527","48","481","0500000US48481",2398,NA,2264,NA,15224,NA,2017
"528","48","485","0500000US48485",8981,NA,6699,NA,48528,NA,2017
"529","48","493","0500000US48493",1521,NA,1391,NA,15755,NA,2017
"530","48","033","0500000US48033",13,NA,8,NA,248,NA,2017
"531","48","219","0500000US48219",1235,NA,1100,NA,8065,NA,2017
"532","48","315","0500000US48315",985,NA,939,NA,4457,NA,2017
"533","48","323","0500000US48323",4335,NA,4954,NA,16416,NA,2017
"534","48","329","0500000US48329",4448,NA,3993,NA,55045,NA,2017
"535","48","181","0500000US48181",6887,NA,6484,NA,47550,NA,2017
"536","48","297","0500000US48297",372,NA,238,NA,3586,NA,2017
"537","48","299","0500000US48299",1010,NA,740,NA,8681,NA,2017
"538","48","363","0500000US48363",1862,NA,1498,NA,10441,NA,2017
"539","48","147","0500000US48147",1857,NA,1302,NA,12027,NA,2017
"540","48","255","0500000US48255",803,NA,710,NA,4303,NA,2017
"541","48","123","0500000US48123",1274,NA,1054,NA,7260,NA,2017
"542","48","041","0500000US48041",19618,NA,6866,NA,77480,NA,2017
"543","48","059","0500000US48059",1130,NA,512,NA,5291,NA,2017
"544","48","067","0500000US48067",2032,NA,1860,NA,11811,NA,2017
"545","48","165","0500000US48165",668,NA,498,NA,5716,NA,2017
"546","48","183","0500000US48183",7394,NA,6931,NA,45615,NA,2017
"547","48","179","0500000US48179",1101,NA,905,NA,7971,NA,2017
"548","48","313","0500000US48313",727,NA,508,NA,4174,NA,2017
"549","48","303","0500000US48303",19953,NA,13919,NA,110275,NA,2017
"550","48","237","0500000US48237",440,NA,263,NA,3075,NA,2017
"551","48","257","0500000US48257",4567,NA,3915,NA,36525,NA,2017
"552","48","259","0500000US48259",910,NA,741,NA,13691,NA,2017
"553","48","035","0500000US48035",959,NA,660,NA,7027,NA,2017
"554","48","153","0500000US48153",394,NA,392,NA,2320,NA,2017
"555","48","029","0500000US48029",96958,NA,85917,NA,627889,NA,2017
"556","48","017","0500000US48017",385,NA,301,NA,2230,NA,2017
"557","48","071","0500000US48071",1621,NA,827,NA,13320,NA,2017
"558","48","023","0500000US48023",236,NA,242,NA,1644,NA,2017
"559","48","027","0500000US48027",15973,NA,15913,NA,116397,NA,2017
"560","48","061","0500000US48061",35671,NA,31721,NA,122188,NA,2017
"561","48","121","0500000US48121",22153,NA,15207,NA,275164,NA,2017
"562","48","117","0500000US48117",971,NA,887,NA,6118,NA,2017
"563","48","167","0500000US48167",15392,NA,13652,NA,117455,NA,2017
"564","48","141","0500000US48141",54912,NA,57851,NA,263200,NA,2017
"565","48","283","0500000US48283",333,NA,297,NA,2286,NA,2017
"566","48","393","0500000US48393",5,NA,8,NA,326,NA,2017
"567","48","443","0500000US48443",86,NA,4,NA,343,NA,2017
"568","48","457","0500000US48457",1229,NA,1401,NA,7312,NA,2017
"569","48","463","0500000US48463",1499,NA,1550,NA,8624,NA,2017
"570","48","483","0500000US48483",346,NA,197,NA,2287,NA,2017
"571","48","037","0500000US48037",5904,NA,4837,NA,33171,NA,2017
"572","48","009","0500000US48009",310,NA,233,NA,3351,NA,2017
"573","48","043","0500000US48043",469,NA,606,NA,3932,NA,2017
"574","48","263","0500000US48263",39,NA,31,NA,275,NA,2017
"575","48","215","0500000US48215",68327,NA,71297,NA,232523,NA,2017
"576","48","423","0500000US48423",11108,NA,8796,NA,77801,NA,2017
"577","48","425","0500000US48425",652,NA,472,NA,3234,NA,2017
"578","48","105","0500000US48105",301,NA,143,NA,1411,NA,2017
"579","48","199","0500000US48199",2711,NA,2046,NA,20739,NA,2017
"580","48","207","0500000US48207",382,NA,396,NA,2128,NA,2017
"581","48","227","0500000US48227",1631,NA,1150,NA,11032,NA,2017
"582","48","289","0500000US48289",962,NA,648,NA,6245,NA,2017
"583","48","333","0500000US48333",283,NA,104,NA,1833,NA,2017
"584","48","337","0500000US48337",1163,NA,916,NA,8044,NA,2017
"585","48","351","0500000US48351",776,NA,845,NA,4781,NA,2017
"586","48","365","0500000US48365",1256,NA,1101,NA,9032,NA,2017
"587","48","389","0500000US48389",610,NA,485,NA,3731,NA,2017
"588","48","403","0500000US48403",649,NA,390,NA,3811,NA,2017
"589","48","421","0500000US48421",143,NA,21,NA,1063,NA,2017
"590","48","437","0500000US48437",573,NA,475,NA,2602,NA,2017
"591","48","231","0500000US48231",5652,NA,4886,NA,31781,NA,2017
"592","48","063","0500000US48063",773,NA,944,NA,4730,NA,2017
"593","48","195","0500000US48195",314,NA,123,NA,1924,NA,2017
"594","48","187","0500000US48187",5377,NA,3980,NA,51990,NA,2017
"595","48","077","0500000US48077",594,NA,491,NA,4076,NA,2017
"596","48","205","0500000US48205",129,NA,61,NA,1754,NA,2017
"597","48","217","0500000US48217",2092,NA,1894,NA,12674,NA,2017
"598","48","293","0500000US48293",1414,NA,1191,NA,8100,NA,2017
"599","48","347","0500000US48347",5527,NA,3781,NA,23825,NA,2017
"600","48","369","0500000US48369",519,NA,332,NA,3222,NA,2017
"601","48","367","0500000US48367",4148,NA,3330,NA,43942,NA,2017
"602","48","377","0500000US48377",834,NA,855,NA,2589,NA,2017
"603","48","465","0500000US48465",3100,NA,3343,NA,15189,NA,2017
"604","48","109","0500000US48109",187,NA,132,NA,735,NA,2017
"605","48","135","0500000US48135",6137,NA,6695,NA,51475,NA,2017
"606","48","169","0500000US48169",195,NA,279,NA,1715,NA,2017
"607","48","173","0500000US48173",42,NA,2,NA,475,NA,2017
"608","48","185","0500000US48185",1515,NA,1254,NA,8980,NA,2017
"609","48","453","0500000US48453",53006,NA,36738,NA,447561,NA,2017
"610","48","085","0500000US48085",22139,NA,11109,NA,323905,NA,2017
"611","48","005","0500000US48005",5439,NA,5928,NA,30931,NA,2017
"612","48","087","0500000US48087",144,NA,223,NA,1099,NA,2017
"613","48","101","0500000US48101",171,NA,156,NA,664,NA,2017
"614","48","209","0500000US48209",10735,NA,5085,NA,68045,NA,2017
"615","48","143","0500000US48143",3162,NA,1736,NA,13827,NA,2017
"616","48","039","0500000US48039",12115,NA,10186,NA,117088,NA,2017
"617","48","345","0500000US48345",54,NA,73,NA,469,NA,2017
"618","48","129","0500000US48129",197,NA,140,NA,1230,NA,2017
"619","48","013","0500000US48013",2212,NA,2506,NA,15509,NA,2017
"620","48","083","0500000US48083",750,NA,456,NA,3470,NA,2017
"621","48","353","0500000US48353",901,NA,831,NA,5552,NA,2017
"622","48","229","0500000US48229",318,NA,235,NA,890,NA,2017
"623","48","325","0500000US48325",1966,NA,2048,NA,15154,NA,2017
"624","48","475","0500000US48475",567,NA,397,NA,3954,NA,2017
"625","48","213","0500000US48213",4974,NA,4194,NA,30459,NA,2017
"626","48","203","0500000US48203",4172,NA,3142,NA,23363,NA,2017
"627","48","327","0500000US48327",126,NA,105,NA,964,NA,2017
"628","48","277","0500000US48277",3530,NA,3415,NA,19085,NA,2017
"629","48","149","0500000US48149",994,NA,593,NA,9298,NA,2017
"630","48","491","0500000US48491",10615,NA,8403,NA,170051,NA,2017
"631","48","267","0500000US48267",376,NA,246,NA,1941,NA,2017
"632","48","233","0500000US48233",1317,NA,981,NA,7799,NA,2017
"633","48","477","0500000US48477",1492,NA,907,NA,12205,NA,2017
"634","48","343","0500000US48343",806,NA,962,NA,5024,NA,2017
"635","48","361","0500000US48361",4727,NA,5235,NA,32272,NA,2017
"636","48","429","0500000US48429",675,NA,444,NA,3361,NA,2017
"637","48","495","0500000US48495",451,NA,290,NA,2524,NA,2017
"638","48","201","0500000US48201",232821,NA,202835,NA,1562813,NA,2017
"639","48","003","0500000US48003",590,NA,420,NA,5413,NA,2017
"640","48","053","0500000US48053",1606,NA,1408,NA,16545,NA,2017
"641","48","171","0500000US48171",1123,NA,793,NA,10795,NA,2017
"642","48","177","0500000US48177",1258,NA,1249,NA,7018,NA,2017
"643","48","113","0500000US48113",139382,NA,125896,NA,906179,NA,2017
"644","48","305","0500000US48305",427,NA,398,NA,2147,NA,2017
"645","48","311","0500000US48311",20,NA,0,NA,194,NA,2017
"646","48","503","0500000US48503",1056,NA,775,NA,7066,NA,2017
"647","48","505","0500000US48505",1333,NA,1350,NA,4457,NA,2017
"648","48","251","0500000US48251",5571,NA,5398,NA,55467,NA,2017
"649","48","221","0500000US48221",2400,NA,2001,NA,21527,NA,2017
"650","48","223","0500000US48223",2136,NA,1849,NA,13287,NA,2017
"651","48","357","0500000US48357",458,NA,336,NA,3549,NA,2017
"652","48","269","0500000US48269",3,NA,3,NA,101,NA,2017
"653","48","275","0500000US48275",212,NA,173,NA,1376,NA,2017
"654","48","309","0500000US48309",16579,NA,11661,NA,88208,NA,2017
"655","48","073","0500000US48073",3127,NA,2840,NA,17885,NA,2017
"656","48","095","0500000US48095",98,NA,33,NA,791,NA,2017
"657","48","119","0500000US48119",407,NA,314,NA,2035,NA,2017
"658","48","137","0500000US48137",93,NA,84,NA,634,NA,2017
"659","48","133","0500000US48133",1236,NA,717,NA,6437,NA,2017
"660","48","253","0500000US48253",884,NA,695,NA,5635,NA,2017
"661","48","243","0500000US48243",98,NA,97,NA,1007,NA,2017
"662","48","247","0500000US48247",423,NA,474,NA,1587,NA,2017
"663","48","249","0500000US48249",3019,NA,2516,NA,13614,NA,2017
"664","48","339","0500000US48339",17741,NA,12254,NA,186861,NA,2017
"665","48","111","0500000US48111",271,NA,246,NA,2432,NA,2017
"666","48","127","0500000US48127",963,NA,1023,NA,3476,NA,2017
"667","48","479","0500000US48479",21073,NA,21540,NA,72379,NA,2017
"668","48","157","0500000US48157",16400,NA,15682,NA,222331,NA,2017
"669","48","011","0500000US48011",56,NA,13,NA,702,NA,2017
"670","48","069","0500000US48069",307,NA,287,NA,2462,NA,2017
"671","48","235","0500000US48235",92,NA,31,NA,648,NA,2017
"672","48","273","0500000US48273",2610,NA,1887,NA,10958,NA,2017
"673","48","489","0500000US48489",2058,NA,1245,NA,5737,NA,2017
"674","48","097","0500000US48097",1753,NA,1955,NA,15185,NA,2017
"675","48","107","0500000US48107",419,NA,447,NA,2064,NA,2017
"676","48","115","0500000US48115",855,NA,650,NA,4339,NA,2017
"677","48","151","0500000US48151",311,NA,135,NA,1696,NA,2017
"678","48","131","0500000US48131",980,NA,1136,NA,3845,NA,2017
"679","48","051","0500000US48051",934,NA,967,NA,6565,NA,2017
"680","48","031","0500000US48031",378,NA,172,NA,4230,NA,2017
"681","48","241","0500000US48241",2002,NA,1640,NA,11974,NA,2017
"682","48","245","0500000US48245",17274,NA,14836,NA,94020,NA,2017
"683","48","271","0500000US48271",126,NA,100,NA,1200,NA,2017
"684","48","359","0500000US48359",50,NA,31,NA,581,NA,2017
"685","48","279","0500000US48279",887,NA,754,NA,4790,NA,2017
"686","48","295","0500000US48295",136,NA,93,NA,1276,NA,2017
"687","48","307","0500000US48307",515,NA,573,NA,3143,NA,2017
"688","48","319","0500000US48319",237,NA,97,NA,1622,NA,2017
"689","48","125","0500000US48125",167,NA,121,NA,832,NA,2017
"690","48","287","0500000US48287",916,NA,619,NA,6118,NA,2017
"691","48","439","0500000US48439",83469,NA,78025,NA,689921,NA,2017
"692","48","001","0500000US48001",2343,NA,1940,NA,16567,NA,2017
"693","48","139","0500000US48139",5532,NA,4693,NA,54725,NA,2017
"694","48","239","0500000US48239",774,NA,522,NA,5232,NA,2017
"695","48","265","0500000US48265",2368,NA,2063,NA,20580,NA,2017
"696","48","331","0500000US48331",1474,NA,1569,NA,9437,NA,2017
"697","48","093","0500000US48093",833,NA,536,NA,5107,NA,2017
"698","48","145","0500000US48145",1368,NA,1061,NA,5405,NA,2017
"699","48","047","0500000US48047",783,NA,802,NA,2022,NA,2017
"700","48","015","0500000US48015",1394,NA,1030,NA,11021,NA,2017
"701","48","261","0500000US48261",35,NA,40,NA,152,NA,2017
"702","48","355","0500000US48355",20950,NA,21175,NA,128857,NA,2017
"703","48","089","0500000US48089",1003,NA,486,NA,7603,NA,2017
"704","48","409","0500000US48409",3491,NA,2954,NA,23246,NA,2017
"705","48","379","0500000US48379",588,NA,529,NA,4333,NA,2017
"706","48","381","0500000US48381",4504,NA,3403,NA,49118,NA,2017
"707","48","385","0500000US48385",229,NA,119,NA,1123,NA,2017
"708","48","411","0500000US48411",332,NA,190,NA,2135,NA,2017
"709","48","413","0500000US48413",165,NA,59,NA,1102,NA,2017
"710","48","431","0500000US48431",49,NA,29,NA,462,NA,2017
"711","48","507","0500000US48507",1280,NA,1441,NA,3536,NA,2017
"712","48","057","0500000US48057",1082,NA,1020,NA,7733,NA,2017
"713","48","065","0500000US48065",154,NA,126,NA,2292,NA,2017
"714","48","155","0500000US48155",32,NA,90,NA,562,NA,2017
"715","48","161","0500000US48161",1113,NA,985,NA,7232,NA,2017
"716","48","175","0500000US48175",422,NA,361,NA,2755,NA,2017
"717","48","193","0500000US48193",515,NA,521,NA,3157,NA,2017
"718","48","197","0500000US48197",276,NA,188,NA,1533,NA,2017
"719","48","335","0500000US48335",221,NA,240,NA,2639,NA,2017
"720","48","449","0500000US48449",1774,NA,1798,NA,10675,NA,2017
"721","48","045","0500000US48045",87,NA,88,NA,664,NA,2017
"722","48","285","0500000US48285",946,NA,629,NA,7684,NA,2017
"723","48","291","0500000US48291",4247,NA,4857,NA,25974,NA,2017
"724","48","445","0500000US48445",569,NA,881,NA,4142,NA,2017
"725","48","497","0500000US48497",2538,NA,2283,NA,21691,NA,2017
"726","48","301","0500000US48301",6,NA,3,NA,31,NA,2017
"727","48","321","0500000US48321",2900,NA,2278,NA,13811,NA,2017
"728","48","371","0500000US48371",725,NA,375,NA,4420,NA,2017
"729","48","395","0500000US48395",1036,NA,1113,NA,6298,NA,2017
"730","48","397","0500000US48397",1713,NA,1484,NA,30365,NA,2017
"731","48","401","0500000US48401",2685,NA,2170,NA,17982,NA,2017
"732","48","441","0500000US48441",7639,NA,6661,NA,49443,NA,2017
"733","48","447","0500000US48447",156,NA,42,NA,712,NA,2017
"734","48","455","0500000US48455",1007,NA,770,NA,5934,NA,2017
"735","48","471","0500000US48471",5227,NA,1063,NA,21294,NA,2017
"736","48","499","0500000US48499",2163,NA,1671,NA,16122,NA,2017
"737","48","019","0500000US48019",1266,NA,857,NA,8278,NA,2017
"738","48","007","0500000US48007",1484,NA,1030,NA,9529,NA,2017
"739","48","075","0500000US48075",441,NA,368,NA,2282,NA,2017
"740","48","079","0500000US48079",243,NA,156,NA,1000,NA,2017
"741","48","081","0500000US48081",279,NA,144,NA,1574,NA,2017
"742","48","091","0500000US48091",4136,NA,2326,NA,47253,NA,2017
"743","48","099","0500000US48099",2822,NA,2752,NA,22424,NA,2017
"744","48","211","0500000US48211",109,NA,97,NA,1358,NA,2017
"745","48","225","0500000US48225",1955,NA,1414,NA,8328,NA,2017
"746","48","341","0500000US48341",888,NA,772,NA,6725,NA,2017
"747","48","349","0500000US48349",3027,NA,3444,NA,17326,NA,2017
"748","48","375","0500000US48375",8658,NA,7541,NA,43453,NA,2017
"749","48","405","0500000US48405",794,NA,596,NA,3202,NA,2017
"750","48","415","0500000US48415",605,NA,493,NA,5838,NA,2017
"751","48","417","0500000US48417",227,NA,154,NA,1257,NA,2017
"752","48","427","0500000US48427",5824,NA,6976,NA,16320,NA,2017
"753","48","433","0500000US48433",66,NA,41,NA,458,NA,2017
"754","48","461","0500000US48461",221,NA,100,NA,1308,NA,2017
"755","48","021","0500000US48021",3110,NA,3334,NA,26015,NA,2017
"756","48","049","0500000US48049",2339,NA,1821,NA,13835,NA,2017
"757","48","191","0500000US48191",271,NA,259,NA,1244,NA,2017
"758","48","025","0500000US48025",1690,NA,1283,NA,8531,NA,2017
"759","48","159","0500000US48159",554,NA,574,NA,3931,NA,2017
"760","48","163","0500000US48163",1035,NA,1117,NA,4530,NA,2017
"761","48","103","0500000US48103",197,NA,104,NA,1479,NA,2017
"762","48","281","0500000US48281",1055,NA,872,NA,7748,NA,2017
"763","48","475","0500000US48475",543,NA,380,NA,3956,NA,2018
"764","48","013","0500000US48013",2250,NA,2539,NA,15387,NA,2018
"765","48","353","0500000US48353",828,NA,675,NA,5469,NA,2018
"766","48","229","0500000US48229",276,NA,230,NA,900,NA,2018
"767","48","203","0500000US48203",3766,NA,3050,NA,23217,NA,2018
"768","48","327","0500000US48327",140,NA,106,NA,992,NA,2018
"769","48","149","0500000US48149",1172,NA,736,NA,9067,NA,2018
"770","48","491","0500000US48491",10317,NA,8274,NA,174754,NA,2018
"771","48","233","0500000US48233",1150,NA,750,NA,7191,NA,2018
"772","48","343","0500000US48343",860,NA,806,NA,5048,NA,2018
"773","48","361","0500000US48361",4393,NA,5033,NA,31989,NA,2018
"774","48","495","0500000US48495",416,NA,255,NA,2572,NA,2018
"775","48","201","0500000US48201",230199,NA,203857,NA,1583486,NA,2018
"776","48","053","0500000US48053",1617,NA,1374,NA,16849,NA,2018
"777","48","171","0500000US48171",1078,NA,598,NA,10717,NA,2018
"778","48","113","0500000US48113",132972,NA,116350,NA,917276,NA,2018
"779","48","311","0500000US48311",30,NA,11,NA,223,NA,2018
"780","48","503","0500000US48503",869,NA,734,NA,7105,NA,2018
"781","48","251","0500000US48251",5332,NA,5890,NA,56433,NA,2018
"782","48","223","0500000US48223",2093,NA,1837,NA,13405,NA,2018
"783","48","357","0500000US48357",438,NA,309,NA,3443,NA,2018
"784","48","275","0500000US48275",219,NA,200,NA,1330,NA,2018
"785","48","309","0500000US48309",16223,NA,11561,NA,89034,NA,2018
"786","48","095","0500000US48095",115,NA,36,NA,873,NA,2018
"787","48","137","0500000US48137",100,NA,91,NA,686,NA,2018
"788","48","133","0500000US48133",1253,NA,902,NA,6460,NA,2018
"789","48","243","0500000US48243",96,NA,71,NA,1050,NA,2018
"790","48","247","0500000US48247",432,NA,472,NA,1710,NA,2018
"791","48","339","0500000US48339",17653,NA,13168,NA,192823,NA,2018
"792","48","127","0500000US48127",999,NA,1013,NA,3309,NA,2018
"793","48","479","0500000US48479",20612,NA,20631,NA,73659,NA,2018
"794","48","011","0500000US48011",50,NA,19,NA,708,NA,2018
"795","48","069","0500000US48069",289,NA,345,NA,2532,NA,2018
"796","48","273","0500000US48273",2686,NA,1908,NA,10946,NA,2018
"797","48","097","0500000US48097",1802,NA,1811,NA,15368,NA,2018
"798","48","107","0500000US48107",425,NA,432,NA,2044,NA,2018
"799","48","151","0500000US48151",326,NA,162,NA,1649,NA,2018
"800","48","131","0500000US48131",907,NA,1034,NA,3511,NA,2018
"801","48","031","0500000US48031",396,NA,219,NA,4297,NA,2018
"802","48","241","0500000US48241",1926,NA,1541,NA,12583,NA,2018
"803","48","245","0500000US48245",16519,NA,15383,NA,94002,NA,2018
"804","48","271","0500000US48271",140,NA,168,NA,1170,NA,2018
"805","48","359","0500000US48359",55,NA,34,NA,527,NA,2018
"806","48","279","0500000US48279",1017,NA,718,NA,4754,NA,2018
"807","48","295","0500000US48295",154,NA,100,NA,1256,NA,2018
"808","48","307","0500000US48307",519,NA,470,NA,3255,NA,2018
"809","48","319","0500000US48319",279,NA,141,NA,1667,NA,2018
"810","48","125","0500000US48125",190,NA,101,NA,842,NA,2018
"811","48","287","0500000US48287",1006,NA,664,NA,6104,NA,2018
"812","48","439","0500000US48439",81273,NA,75770,NA,698995,NA,2018
"813","48","001","0500000US48001",2450,NA,1941,NA,16459,NA,2018
"814","48","139","0500000US48139",4952,NA,4353,NA,55840,NA,2018
"815","48","239","0500000US48239",785,NA,670,NA,5237,NA,2018
"816","48","265","0500000US48265",2248,NA,2043,NA,20766,NA,2018
"817","48","331","0500000US48331",1400,NA,1247,NA,9381,NA,2018
"818","48","093","0500000US48093",775,NA,583,NA,5260,NA,2018
"819","48","145","0500000US48145",1346,NA,989,NA,5237,NA,2018
"820","48","047","0500000US48047",772,NA,738,NA,2052,NA,2018
"821","48","015","0500000US48015",1154,NA,945,NA,11041,NA,2018
"822","48","261","0500000US48261",29,NA,52,NA,209,NA,2018
"823","48","089","0500000US48089",805,NA,467,NA,7511,NA,2018
"824","48","413","0500000US48413",189,NA,63,NA,1105,NA,2018
"825","48","409","0500000US48409",3801,NA,3537,NA,23121,NA,2018
"826","48","381","0500000US48381",4105,NA,3089,NA,49187,NA,2018
"827","48","411","0500000US48411",280,NA,181,NA,2104,NA,2018
"828","48","507","0500000US48507",1180,NA,1280,NA,3509,NA,2018
"829","48","057","0500000US48057",1017,NA,1178,NA,7604,NA,2018
"830","48","155","0500000US48155",44,NA,98,NA,557,NA,2018
"831","48","175","0500000US48175",463,NA,355,NA,2681,NA,2018
"832","48","193","0500000US48193",516,NA,457,NA,3108,NA,2018
"833","48","335","0500000US48335",191,NA,169,NA,2441,NA,2018
"834","48","449","0500000US48449",1778,NA,1740,NA,10694,NA,2018
"835","48","285","0500000US48285",1047,NA,635,NA,7756,NA,2018
"836","48","445","0500000US48445",620,NA,837,NA,4041,NA,2018
"837","48","497","0500000US48497",2422,NA,2207,NA,22080,NA,2018
"838","48","321","0500000US48321",2929,NA,2175,NA,13636,NA,2018
"839","48","371","0500000US48371",661,NA,331,NA,4557,NA,2018
"840","48","397","0500000US48397",1903,NA,1209,NA,31649,NA,2018
"841","48","441","0500000US48441",7342,NA,6814,NA,49482,NA,2018
"842","48","447","0500000US48447",142,NA,46,NA,703,NA,2018
"843","48","471","0500000US48471",5347,NA,1339,NA,21636,NA,2018
"844","48","499","0500000US48499",2391,NA,1741,NA,16531,NA,2018
"845","48","007","0500000US48007",1620,NA,1187,NA,9432,NA,2018
"846","48","079","0500000US48079",234,NA,136,NA,996,NA,2018
"847","48","081","0500000US48081",280,NA,131,NA,1617,NA,2018
"848","48","099","0500000US48099",2775,NA,2649,NA,22314,NA,2018
"849","48","211","0500000US48211",150,NA,144,NA,1323,NA,2018
"850","48","341","0500000US48341",829,NA,588,NA,6626,NA,2018
"851","48","375","0500000US48375",8280,NA,7091,NA,43944,NA,2018
"852","48","405","0500000US48405",774,NA,600,NA,3356,NA,2018
"853","48","417","0500000US48417",188,NA,116,NA,1234,NA,2018
"854","48","427","0500000US48427",5733,NA,6685,NA,16238,NA,2018
"855","48","461","0500000US48461",224,NA,80,NA,1305,NA,2018
"856","48","049","0500000US48049",2094,NA,1623,NA,14016,NA,2018
"857","48","191","0500000US48191",287,NA,246,NA,1301,NA,2018
"858","48","159","0500000US48159",355,NA,404,NA,3806,NA,2018
"859","48","163","0500000US48163",988,NA,1058,NA,4624,NA,2018
"860","48","281","0500000US48281",975,NA,837,NA,7738,NA,2018
"861","48","225","0500000US48225",1884,NA,1206,NA,8209,NA,2018
"862","48","349","0500000US48349",2994,NA,3203,NA,17397,NA,2018
"863","48","415","0500000US48415",627,NA,398,NA,5884,NA,2018
"864","48","433","0500000US48433",74,NA,42,NA,582,NA,2018
"865","48","021","0500000US48021",2701,NA,2929,NA,25345,NA,2018
"866","48","025","0500000US48025",1953,NA,1450,NA,8537,NA,2018
"867","48","103","0500000US48103",129,NA,86,NA,1422,NA,2018
"868","48","425","0500000US48425",806,NA,498,NA,3239,NA,2018
"869","48","199","0500000US48199",2824,NA,1997,NA,20385,NA,2018
"870","48","289","0500000US48289",981,NA,561,NA,6249,NA,2018
"871","48","351","0500000US48351",966,NA,716,NA,4978,NA,2018
"872","48","389","0500000US48389",556,NA,448,NA,3713,NA,2018
"873","48","453","0500000US48453",52523,NA,36174,NA,458484,NA,2018
"874","48","087","0500000US48087",168,NA,192,NA,1055,NA,2018
"875","48","143","0500000US48143",2982,NA,1474,NA,13961,NA,2018
"876","48","345","0500000US48345",59,NA,64,NA,465,NA,2018
"877","48","083","0500000US48083",669,NA,400,NA,3460,NA,2018
"878","48","325","0500000US48325",1833,NA,1761,NA,15470,NA,2018
"879","48","213","0500000US48213",5018,NA,3924,NA,30885,NA,2018
"880","48","277","0500000US48277",3621,NA,3053,NA,19313,NA,2018
"881","48","267","0500000US48267",367,NA,187,NA,1948,NA,2018
"882","48","477","0500000US48477",1711,NA,971,NA,12381,NA,2018
"883","48","429","0500000US48429",688,NA,426,NA,3268,NA,2018
"884","48","003","0500000US48003",548,NA,394,NA,5508,NA,2018
"885","48","177","0500000US48177",1053,NA,1263,NA,7214,NA,2018
"886","48","305","0500000US48305",418,NA,404,NA,2133,NA,2018
"887","48","505","0500000US48505",1544,NA,1470,NA,4405,NA,2018
"888","48","221","0500000US48221",2351,NA,1769,NA,21969,NA,2018
"889","48","269","0500000US48269",2,NA,6,NA,91,NA,2018
"890","48","073","0500000US48073",3046,NA,2802,NA,17940,NA,2018
"891","48","119","0500000US48119",425,NA,288,NA,2015,NA,2018
"892","48","253","0500000US48253",800,NA,735,NA,5593,NA,2018
"893","48","249","0500000US48249",2968,NA,2295,NA,13043,NA,2018
"894","48","111","0500000US48111",222,NA,202,NA,2404,NA,2018
"895","48","157","0500000US48157",16581,NA,16125,NA,230381,NA,2018
"896","48","235","0500000US48235",103,NA,28,NA,634,NA,2018
"897","48","489","0500000US48489",2021,NA,1234,NA,5810,NA,2018
"898","48","115","0500000US48115",902,NA,628,NA,4322,NA,2018
"899","48","051","0500000US48051",806,NA,637,NA,6754,NA,2018
"900","48","355","0500000US48355",20879,NA,21683,NA,128926,NA,2018
"901","48","379","0500000US48379",544,NA,425,NA,4331,NA,2018
"902","48","385","0500000US48385",267,NA,83,NA,1227,NA,2018
"903","48","431","0500000US48431",24,NA,21,NA,462,NA,2018
"904","48","065","0500000US48065",151,NA,109,NA,2247,NA,2018
"905","48","161","0500000US48161",1047,NA,953,NA,6865,NA,2018
"906","48","197","0500000US48197",224,NA,171,NA,1519,NA,2018
"907","48","045","0500000US48045",85,NA,71,NA,632,NA,2018
"908","48","291","0500000US48291",3834,NA,4600,NA,26203,NA,2018
"909","48","301","0500000US48301",6,NA,3,NA,33,NA,2018
"910","48","395","0500000US48395",955,NA,939,NA,6358,NA,2018
"911","48","401","0500000US48401",2409,NA,2194,NA,17960,NA,2018
"912","48","455","0500000US48455",902,NA,755,NA,5918,NA,2018
"913","48","019","0500000US48019",1097,NA,858,NA,8242,NA,2018
"914","48","075","0500000US48075",332,NA,317,NA,2235,NA,2018
"915","48","091","0500000US48091",4047,NA,2100,NA,48903,NA,2018
"916","48","407","0500000US48407",1271,NA,1549,NA,9487,NA,2018
"917","48","459","0500000US48459",1966,NA,1899,NA,14036,NA,2018
"918","48","473","0500000US48473",2167,NA,1900,NA,14807,NA,2018
"919","48","299","0500000US48299",941,NA,635,NA,8491,NA,2018
"920","48","493","0500000US48493",1562,NA,1276,NA,15820,NA,2018
"921","48","219","0500000US48219",1221,NA,1152,NA,7946,NA,2018
"922","48","329","0500000US48329",4614,NA,3790,NA,55980,NA,2018
"923","48","147","0500000US48147",1735,NA,1392,NA,12231,NA,2018
"924","48","041","0500000US48041",19231,NA,6350,NA,79053,NA,2018
"925","48","165","0500000US48165",803,NA,427,NA,5737,NA,2018
"926","48","179","0500000US48179",1184,NA,1099,NA,8000,NA,2018
"927","48","237","0500000US48237",427,NA,201,NA,3160,NA,2018
"928","48","035","0500000US48035",896,NA,619,NA,7088,NA,2018
"929","48","029","0500000US48029",97638,NA,83207,NA,632574,NA,2018
"930","48","023","0500000US48023",170,NA,181,NA,1474,NA,2018
"931","48","121","0500000US48121",21881,NA,14501,NA,283250,NA,2018
"932","48","167","0500000US48167",15040,NA,13662,NA,119181,NA,2018
"933","48","393","0500000US48393",18,NA,13,NA,311,NA,2018
"934","48","463","0500000US48463",1509,NA,1693,NA,8683,NA,2018
"935","48","037","0500000US48037",6109,NA,4714,NA,33731,NA,2018
"936","48","263","0500000US48263",44,NA,36,NA,318,NA,2018
"937","48","373","0500000US48373",3053,NA,2825,NA,17803,NA,2018
"938","48","391","0500000US48391",452,NA,371,NA,2577,NA,2018
"939","48","467","0500000US48467",2621,NA,2331,NA,19615,NA,2018
"940","48","055","0500000US48055",1999,NA,1626,NA,13225,NA,2018
"941","48","487","0500000US48487",746,NA,833,NA,5263,NA,2018
"942","48","317","0500000US48317",157,NA,63,NA,1626,NA,2018
"943","48","383","0500000US48383",131,NA,51,NA,1147,NA,2018
"944","48","501","0500000US48501",256,NA,133,NA,2676,NA,2018
"945","48","189","0500000US48189",2069,NA,1754,NA,11146,NA,2018
"946","48","419","0500000US48419",2066,NA,1679,NA,9292,NA,2018
"947","48","387","0500000US48387",1023,NA,655,NA,5048,NA,2018
"948","48","399","0500000US48399",526,NA,385,NA,3749,NA,2018
"949","48","435","0500000US48435",128,NA,82,NA,1484,NA,2018
"950","48","451","0500000US48451",5723,NA,4212,NA,43131,NA,2018
"951","48","469","0500000US48469",4668,NA,3914,NA,32544,NA,2018
"952","48","481","0500000US48481",2533,NA,2295,NA,15256,NA,2018
"953","48","485","0500000US48485",8563,NA,6839,NA,47951,NA,2018
"954","48","033","0500000US48033",15,NA,5,NA,261,NA,2018
"955","48","315","0500000US48315",952,NA,938,NA,4459,NA,2018
"956","48","323","0500000US48323",4707,NA,5095,NA,16307,NA,2018
"957","48","255","0500000US48255",719,NA,639,NA,4246,NA,2018
"958","48","181","0500000US48181",6626,NA,5764,NA,47957,NA,2018
"959","48","297","0500000US48297",440,NA,318,NA,3675,NA,2018
"960","48","363","0500000US48363",1711,NA,1310,NA,10312,NA,2018
"961","48","123","0500000US48123",1242,NA,981,NA,7088,NA,2018
"962","48","059","0500000US48059",954,NA,457,NA,5319,NA,2018
"963","48","067","0500000US48067",1952,NA,1939,NA,11789,NA,2018
"964","48","183","0500000US48183",7327,NA,6706,NA,45532,NA,2018
"965","48","313","0500000US48313",696,NA,519,NA,4201,NA,2018
"966","48","303","0500000US48303",20758,NA,13963,NA,112185,NA,2018
"967","48","257","0500000US48257",4743,NA,4138,NA,37364,NA,2018
"968","48","259","0500000US48259",871,NA,659,NA,14159,NA,2018
"969","48","153","0500000US48153",404,NA,414,NA,2328,NA,2018
"970","48","017","0500000US48017",229,NA,298,NA,2111,NA,2018
"971","48","071","0500000US48071",1641,NA,919,NA,13529,NA,2018
"972","48","027","0500000US48027",16186,NA,16854,NA,120241,NA,2018
"973","48","061","0500000US48061",35591,NA,30579,NA,123185,NA,2018
"974","48","117","0500000US48117",954,NA,827,NA,6139,NA,2018
"975","48","141","0500000US48141",54627,NA,56249,NA,265724,NA,2018
"976","48","283","0500000US48283",409,NA,324,NA,2216,NA,2018
"977","48","443","0500000US48443",93,NA,6,NA,396,NA,2018
"978","48","457","0500000US48457",1147,NA,1216,NA,7020,NA,2018
"979","48","483","0500000US48483",380,NA,233,NA,2254,NA,2018
"980","48","009","0500000US48009",317,NA,205,NA,3332,NA,2018
"981","48","043","0500000US48043",578,NA,552,NA,3942,NA,2018
"982","48","215","0500000US48215",68234,NA,70374,NA,234879,NA,2018
"983","48","423","0500000US48423",11549,NA,9038,NA,77195,NA,2018
"984","48","105","0500000US48105",307,NA,141,NA,1388,NA,2018
"985","48","207","0500000US48207",396,NA,400,NA,2125,NA,2018
"986","48","227","0500000US48227",1808,NA,1226,NA,11036,NA,2018
"987","48","333","0500000US48333",340,NA,116,NA,1750,NA,2018
"988","48","337","0500000US48337",1122,NA,958,NA,7995,NA,2018
"989","48","365","0500000US48365",1279,NA,1238,NA,8827,NA,2018
"990","48","403","0500000US48403",749,NA,417,NA,4099,NA,2018
"991","48","421","0500000US48421",133,NA,30,NA,1055,NA,2018
"992","48","437","0500000US48437",538,NA,366,NA,2514,NA,2018
"993","48","231","0500000US48231",5216,NA,4589,NA,32369,NA,2018
"994","48","063","0500000US48063",877,NA,906,NA,4692,NA,2018
"995","48","195","0500000US48195",290,NA,109,NA,1855,NA,2018
"996","48","187","0500000US48187",4978,NA,3509,NA,53107,NA,2018
"997","48","077","0500000US48077",501,NA,481,NA,4045,NA,2018
"998","48","205","0500000US48205",102,NA,98,NA,1681,NA,2018
"999","48","217","0500000US48217",1973,NA,1706,NA,12769,NA,2018
"1000","48","293","0500000US48293",1451,NA,1333,NA,8169,NA,2018
"1001","48","347","0500000US48347",5297,NA,3994,NA,23904,NA,2018
"1002","48","369","0500000US48369",458,NA,307,NA,3318,NA,2018
"1003","48","367","0500000US48367",3893,NA,3288,NA,44255,NA,2018
"1004","48","377","0500000US48377",872,NA,839,NA,2627,NA,2018
"1005","48","465","0500000US48465",3047,NA,3180,NA,15429,NA,2018
"1006","48","109","0500000US48109",157,NA,111,NA,681,NA,2018
"1007","48","135","0500000US48135",6070,NA,6193,NA,51954,NA,2018
"1008","48","169","0500000US48169",245,NA,224,NA,1628,NA,2018
"1009","48","173","0500000US48173",27,NA,3,NA,432,NA,2018
"1010","48","185","0500000US48185",1421,NA,1266,NA,8793,NA,2018
"1011","48","085","0500000US48085",21703,NA,10238,NA,331336,NA,2018
"1012","48","005","0500000US48005",5370,NA,6036,NA,30783,NA,2018
"1013","48","101","0500000US48101",154,NA,171,NA,686,NA,2018
"1014","48","209","0500000US48209",10672,NA,5016,NA,70881,NA,2018
"1015","48","039","0500000US48039",11544,NA,9491,NA,118762,NA,2018
"1016","48","129","0500000US48129",198,NA,117,NA,1290,NA,2018
"1017","48","407","0500000US48407",1432,NA,1521,NA,10043,NA,2019
"1018","48","459","0500000US48459",2292,NA,1821,NA,14108,NA,2019
"1019","48","473","0500000US48473",2253,NA,1861,NA,15171,NA,2019
"1020","48","493","0500000US48493",1410,NA,1170,NA,15733,NA,2019
"1021","48","219","0500000US48219",1268,NA,1034,NA,7997,NA,2019
"1022","48","329","0500000US48329",5208,NA,3578,NA,56998,NA,2019
"1023","48","299","0500000US48299",949,NA,631,NA,8678,NA,2019
"1024","48","147","0500000US48147",1655,NA,1352,NA,12453,NA,2019
"1025","48","041","0500000US48041",18572,NA,6595,NA,79412,NA,2019
"1026","48","165","0500000US48165",867,NA,390,NA,5812,NA,2019
"1027","48","179","0500000US48179",1187,NA,1246,NA,7884,NA,2019
"1028","48","237","0500000US48237",521,NA,297,NA,3168,NA,2019
"1029","48","035","0500000US48035",965,NA,607,NA,7211,NA,2019
"1030","48","029","0500000US48029",94711,NA,83367,NA,636245,NA,2019
"1031","48","023","0500000US48023",190,NA,164,NA,1530,NA,2019
"1032","48","121","0500000US48121",21025,NA,13855,NA,290229,NA,2019
"1033","48","167","0500000US48167",14365,NA,13405,NA,121438,NA,2019
"1034","48","393","0500000US48393",24,NA,8,NA,301,NA,2019
"1035","48","463","0500000US48463",1534,NA,1762,NA,8841,NA,2019
"1036","48","037","0500000US48037",6106,NA,4438,NA,34076,NA,2019
"1037","48","263","0500000US48263",54,NA,36,NA,273,NA,2019
"1038","48","425","0500000US48425",696,NA,320,NA,3123,NA,2019
"1039","48","199","0500000US48199",2906,NA,2128,NA,20626,NA,2019
"1040","48","289","0500000US48289",1086,NA,670,NA,6443,NA,2019
"1041","48","351","0500000US48351",1296,NA,920,NA,5315,NA,2019
"1042","48","389","0500000US48389",664,NA,442,NA,3518,NA,2019
"1043","48","453","0500000US48453",50411,NA,33869,NA,472361,NA,2019
"1044","48","087","0500000US48087",194,NA,197,NA,1035,NA,2019
"1045","48","143","0500000US48143",2575,NA,1219,NA,13595,NA,2019
"1046","48","345","0500000US48345",55,NA,58,NA,489,NA,2019
"1047","48","083","0500000US48083",585,NA,368,NA,3423,NA,2019
"1048","48","325","0500000US48325",1915,NA,1704,NA,15682,NA,2019
"1049","48","213","0500000US48213",4967,NA,3815,NA,30757,NA,2019
"1050","48","277","0500000US48277",3667,NA,3117,NA,19793,NA,2019
"1051","48","267","0500000US48267",352,NA,145,NA,1783,NA,2019
"1052","48","177","0500000US48177",981,NA,1319,NA,7364,NA,2019
"1053","48","477","0500000US48477",1541,NA,960,NA,12625,NA,2019
"1054","48","429","0500000US48429",653,NA,407,NA,3247,NA,2019
"1055","48","003","0500000US48003",498,NA,359,NA,5573,NA,2019
"1056","48","305","0500000US48305",394,NA,388,NA,2154,NA,2019
"1057","48","505","0500000US48505",1462,NA,1404,NA,4503,NA,2019
"1058","48","221","0500000US48221",2148,NA,1435,NA,22152,NA,2019
"1059","48","269","0500000US48269",3,NA,6,NA,77,NA,2019
"1060","48","073","0500000US48073",2904,NA,2736,NA,18138,NA,2019
"1061","48","119","0500000US48119",326,NA,245,NA,1999,NA,2019
"1062","48","253","0500000US48253",888,NA,713,NA,5696,NA,2019
"1063","48","249","0500000US48249",2972,NA,2254,NA,12987,NA,2019
"1064","48","111","0500000US48111",182,NA,218,NA,2364,NA,2019
"1065","48","115","0500000US48115",999,NA,656,NA,4322,NA,2019
"1066","48","157","0500000US48157",16770,NA,16409,NA,237883,NA,2019
"1067","48","235","0500000US48235",80,NA,35,NA,682,NA,2019
"1068","48","489","0500000US48489",1668,NA,1292,NA,5782,NA,2019
"1069","48","051","0500000US48051",775,NA,610,NA,6810,NA,2019
"1070","48","355","0500000US48355",21650,NA,21414,NA,129451,NA,2019
"1071","48","379","0500000US48379",535,NA,482,NA,4330,NA,2019
"1072","48","385","0500000US48385",234,NA,126,NA,1126,NA,2019
"1073","48","431","0500000US48431",23,NA,26,NA,458,NA,2019
"1074","48","065","0500000US48065",158,NA,102,NA,2288,NA,2019
"1075","48","161","0500000US48161",1104,NA,920,NA,6758,NA,2019
"1076","48","197","0500000US48197",262,NA,254,NA,1596,NA,2019
"1077","48","045","0500000US48045",73,NA,56,NA,602,NA,2019
"1078","48","291","0500000US48291",3718,NA,4451,NA,26873,NA,2019
"1079","48","301","0500000US48301",5,NA,3,NA,30,NA,2019
"1080","48","395","0500000US48395",1037,NA,1117,NA,6444,NA,2019
"1081","48","401","0500000US48401",2428,NA,2134,NA,18108,NA,2019
"1082","48","455","0500000US48455",911,NA,765,NA,6030,NA,2019
"1083","48","019","0500000US48019",1044,NA,655,NA,8399,NA,2019
"1084","48","075","0500000US48075",322,NA,185,NA,2407,NA,2019
"1085","48","091","0500000US48091",3797,NA,2326,NA,51367,NA,2019
"1086","48","225","0500000US48225",1629,NA,1148,NA,8252,NA,2019
"1087","48","349","0500000US48349",2932,NA,2938,NA,17338,NA,2019
"1088","48","415","0500000US48415",693,NA,393,NA,5941,NA,2019
"1089","48","433","0500000US48433",75,NA,68,NA,580,NA,2019
"1090","48","021","0500000US48021",2950,NA,2632,NA,25571,NA,2019
"1091","48","025","0500000US48025",1748,NA,1321,NA,8269,NA,2019
"1092","48","103","0500000US48103",145,NA,104,NA,1421,NA,2019
"1093","48","373","0500000US48373",3205,NA,2936,NA,18033,NA,2019
"1094","48","391","0500000US48391",415,NA,348,NA,2547,NA,2019
"1095","48","467","0500000US48467",2596,NA,2534,NA,20156,NA,2019
"1096","48","055","0500000US48055",2085,NA,1424,NA,13460,NA,2019
"1097","48","487","0500000US48487",816,NA,994,NA,5180,NA,2019
"1098","48","317","0500000US48317",115,NA,114,NA,1694,NA,2019
"1099","48","387","0500000US48387",1016,NA,549,NA,4963,NA,2019
"1100","48","501","0500000US48501",238,NA,155,NA,2617,NA,2019
"1101","48","189","0500000US48189",1910,NA,1545,NA,10933,NA,2019
"1102","48","419","0500000US48419",2050,NA,1618,NA,9293,NA,2019
"1103","48","399","0500000US48399",584,NA,424,NA,3896,NA,2019
"1104","48","435","0500000US48435",190,NA,98,NA,1412,NA,2019
"1105","48","451","0500000US48451",5670,NA,4236,NA,43314,NA,2019
"1106","48","469","0500000US48469",4574,NA,3942,NA,32255,NA,2019
"1107","48","481","0500000US48481",2676,NA,2224,NA,15199,NA,2019
"1108","48","485","0500000US48485",8412,NA,6504,NA,48356,NA,2019
"1109","48","033","0500000US48033",16,NA,12,NA,227,NA,2019
"1110","48","315","0500000US48315",897,NA,952,NA,4715,NA,2019
"1111","48","323","0500000US48323",4657,NA,5039,NA,16286,NA,2019
"1112","48","181","0500000US48181",6544,NA,5542,NA,48454,NA,2019
"1113","48","297","0500000US48297",503,NA,383,NA,3752,NA,2019
"1114","48","363","0500000US48363",1557,NA,1209,NA,10255,NA,2019
"1115","48","255","0500000US48255",639,NA,468,NA,4282,NA,2019
"1116","48","123","0500000US48123",1198,NA,991,NA,7048,NA,2019
"1117","48","059","0500000US48059",708,NA,470,NA,5367,NA,2019
"1118","48","067","0500000US48067",1906,NA,1989,NA,11934,NA,2019
"1119","48","183","0500000US48183",7377,NA,6886,NA,45460,NA,2019
"1120","48","313","0500000US48313",602,NA,481,NA,4269,NA,2019
"1121","48","303","0500000US48303",20829,NA,13921,NA,113488,NA,2019
"1122","48","257","0500000US48257",4368,NA,3948,NA,38015,NA,2019
"1123","48","259","0500000US48259",790,NA,641,NA,14253,NA,2019
"1124","48","153","0500000US48153",345,NA,367,NA,2271,NA,2019
"1125","48","017","0500000US48017",183,NA,257,NA,2054,NA,2019
"1126","48","071","0500000US48071",1627,NA,1152,NA,14069,NA,2019
"1127","48","027","0500000US48027",16591,NA,16653,NA,122689,NA,2019
"1128","48","061","0500000US48061",34527,NA,30361,NA,124605,NA,2019
"1129","48","117","0500000US48117",986,NA,852,NA,6145,NA,2019
"1130","48","141","0500000US48141",53251,NA,55986,NA,268310,NA,2019
"1131","48","283","0500000US48283",529,NA,294,NA,2269,NA,2019
"1132","48","443","0500000US48443",63,NA,8,NA,418,NA,2019
"1133","48","457","0500000US48457",1187,NA,1208,NA,7100,NA,2019
"1134","48","483","0500000US48483",360,NA,251,NA,2183,NA,2019
"1135","48","009","0500000US48009",398,NA,280,NA,3452,NA,2019
"1136","48","043","0500000US48043",689,NA,535,NA,4088,NA,2019
"1137","48","215","0500000US48215",66645,NA,69291,NA,238345,NA,2019
"1138","48","423","0500000US48423",11088,NA,8608,NA,77678,NA,2019
"1139","48","105","0500000US48105",232,NA,111,NA,1354,NA,2019
"1140","48","207","0500000US48207",408,NA,412,NA,2146,NA,2019
"1141","48","227","0500000US48227",1783,NA,1065,NA,11064,NA,2019
"1142","48","333","0500000US48333",354,NA,117,NA,1790,NA,2019
"1143","48","337","0500000US48337",1131,NA,993,NA,7800,NA,2019
"1144","48","365","0500000US48365",1195,NA,1052,NA,8637,NA,2019
"1145","48","403","0500000US48403",782,NA,480,NA,4311,NA,2019
"1146","48","421","0500000US48421",107,NA,39,NA,1019,NA,2019
"1147","48","437","0500000US48437",583,NA,370,NA,2505,NA,2019
"1148","48","231","0500000US48231",4943,NA,4342,NA,33189,NA,2019
"1149","48","063","0500000US48063",886,NA,874,NA,4605,NA,2019
"1150","48","195","0500000US48195",276,NA,139,NA,1838,NA,2019
"1151","48","187","0500000US48187",4929,NA,3514,NA,54110,NA,2019
"1152","48","077","0500000US48077",483,NA,424,NA,4105,NA,2019
"1153","48","205","0500000US48205",123,NA,101,NA,1678,NA,2019
"1154","48","383","0500000US48383",83,NA,37,NA,1084,NA,2019
"1155","48","217","0500000US48217",1634,NA,1614,NA,12992,NA,2019
"1156","48","293","0500000US48293",1476,NA,1187,NA,8377,NA,2019
"1157","48","347","0500000US48347",5274,NA,3984,NA,23757,NA,2019
"1158","48","369","0500000US48369",501,NA,312,NA,3203,NA,2019
"1159","48","367","0500000US48367",3925,NA,3176,NA,44263,NA,2019
"1160","48","135","0500000US48135",6276,NA,5513,NA,52530,NA,2019
"1161","48","377","0500000US48377",945,NA,801,NA,2543,NA,2019
"1162","48","465","0500000US48465",3196,NA,3078,NA,15779,NA,2019
"1163","48","109","0500000US48109",112,NA,79,NA,580,NA,2019
"1164","48","169","0500000US48169",320,NA,237,NA,1543,NA,2019
"1165","48","173","0500000US48173",35,NA,4,NA,403,NA,2019
"1166","48","185","0500000US48185",1384,NA,1228,NA,9011,NA,2019
"1167","48","085","0500000US48085",21220,NA,10227,NA,341163,NA,2019
"1168","48","005","0500000US48005",4984,NA,6143,NA,31035,NA,2019
"1169","48","101","0500000US48101",199,NA,213,NA,707,NA,2019
"1170","48","209","0500000US48209",10095,NA,4878,NA,73437,NA,2019
"1171","48","039","0500000US48039",10822,NA,8441,NA,121523,NA,2019
"1172","48","129","0500000US48129",205,NA,98,NA,1335,NA,2019
"1173","48","013","0500000US48013",2200,NA,2550,NA,15546,NA,2019
"1174","48","353","0500000US48353",839,NA,671,NA,5407,NA,2019
"1175","48","229","0500000US48229",255,NA,326,NA,978,NA,2019
"1176","48","475","0500000US48475",527,NA,421,NA,3978,NA,2019
"1177","48","203","0500000US48203",3859,NA,3308,NA,23292,NA,2019
"1178","48","327","0500000US48327",177,NA,75,NA,1014,NA,2019
"1179","48","149","0500000US48149",1121,NA,667,NA,9135,NA,2019
"1180","48","491","0500000US48491",10308,NA,8637,NA,180160,NA,2019
"1181","48","233","0500000US48233",1039,NA,642,NA,6929,NA,2019
"1182","48","343","0500000US48343",939,NA,844,NA,5117,NA,2019
"1183","48","361","0500000US48361",4190,NA,4396,NA,31694,NA,2019
"1184","48","495","0500000US48495",370,NA,196,NA,2619,NA,2019
"1185","48","201","0500000US48201",229518,NA,202009,NA,1605368,NA,2019
"1186","48","053","0500000US48053",1471,NA,1108,NA,16743,NA,2019
"1187","48","171","0500000US48171",850,NA,477,NA,10694,NA,2019
"1188","48","113","0500000US48113",126216,NA,107793,NA,928341,NA,2019
"1189","48","311","0500000US48311",47,NA,14,NA,270,NA,2019
"1190","48","503","0500000US48503",1020,NA,739,NA,7307,NA,2019
"1191","48","251","0500000US48251",5230,NA,5645,NA,57310,NA,2019
"1192","48","223","0500000US48223",1926,NA,1569,NA,13424,NA,2019
"1193","48","357","0500000US48357",484,NA,426,NA,3483,NA,2019
"1194","48","275","0500000US48275",230,NA,168,NA,1375,NA,2019
"1195","48","309","0500000US48309",16200,NA,11083,NA,90054,NA,2019
"1196","48","095","0500000US48095",120,NA,79,NA,912,NA,2019
"1197","48","137","0500000US48137",111,NA,113,NA,789,NA,2019
"1198","48","133","0500000US48133",1171,NA,900,NA,6492,NA,2019
"1199","48","243","0500000US48243",44,NA,154,NA,1054,NA,2019
"1200","48","247","0500000US48247",432,NA,546,NA,1626,NA,2019
"1201","48","339","0500000US48339",17315,NA,13169,NA,198649,NA,2019
"1202","48","127","0500000US48127",934,NA,893,NA,3148,NA,2019
"1203","48","479","0500000US48479",19089,NA,19459,NA,74789,NA,2019
"1204","48","011","0500000US48011",69,NA,15,NA,694,NA,2019
"1205","48","069","0500000US48069",300,NA,333,NA,2532,NA,2019
"1206","48","273","0500000US48273",2774,NA,1927,NA,10955,NA,2019
"1207","48","097","0500000US48097",1646,NA,1619,NA,15351,NA,2019
"1208","48","107","0500000US48107",416,NA,431,NA,2061,NA,2019
"1209","48","151","0500000US48151",313,NA,175,NA,1601,NA,2019
"1210","48","131","0500000US48131",861,NA,1122,NA,3511,NA,2019
"1211","48","031","0500000US48031",367,NA,303,NA,4343,NA,2019
"1212","48","241","0500000US48241",2226,NA,1660,NA,12936,NA,2019
"1213","48","245","0500000US48245",15487,NA,14316,NA,92988,NA,2019
"1214","48","271","0500000US48271",142,NA,260,NA,1337,NA,2019
"1215","48","359","0500000US48359",47,NA,25,NA,594,NA,2019
"1216","48","279","0500000US48279",888,NA,674,NA,4728,NA,2019
"1217","48","295","0500000US48295",161,NA,115,NA,1192,NA,2019
"1218","48","307","0500000US48307",546,NA,392,NA,3143,NA,2019
"1219","48","319","0500000US48319",242,NA,162,NA,1696,NA,2019
"1220","48","125","0500000US48125",205,NA,95,NA,845,NA,2019
"1221","48","139","0500000US48139",4876,NA,4542,NA,57307,NA,2019
"1222","48","287","0500000US48287",908,NA,627,NA,6036,NA,2019
"1223","48","439","0500000US48439",76980,NA,73836,NA,708252,NA,2019
"1224","48","001","0500000US48001",2434,NA,1853,NA,16677,NA,2019
"1225","48","239","0500000US48239",771,NA,694,NA,4917,NA,2019
"1226","48","265","0500000US48265",2111,NA,2107,NA,21403,NA,2019
"1227","48","331","0500000US48331",1426,NA,1232,NA,9228,NA,2019
"1228","48","093","0500000US48093",669,NA,543,NA,5487,NA,2019
"1229","48","145","0500000US48145",1382,NA,966,NA,5199,NA,2019
"1230","48","047","0500000US48047",799,NA,755,NA,2120,NA,2019
"1231","48","015","0500000US48015",1324,NA,948,NA,11301,NA,2019
"1232","48","261","0500000US48261",23,NA,45,NA,197,NA,2019
"1233","48","089","0500000US48089",808,NA,493,NA,7450,NA,2019
"1234","48","409","0500000US48409",3812,NA,3527,NA,22898,NA,2019
"1235","48","381","0500000US48381",3926,NA,3195,NA,49389,NA,2019
"1236","48","411","0500000US48411",245,NA,187,NA,2082,NA,2019
"1237","48","413","0500000US48413",185,NA,67,NA,1075,NA,2019
"1238","48","507","0500000US48507",1201,NA,1429,NA,3571,NA,2019
"1239","48","057","0500000US48057",949,NA,1098,NA,7582,NA,2019
"1240","48","155","0500000US48155",60,NA,82,NA,533,NA,2019
"1241","48","175","0500000US48175",501,NA,432,NA,2727,NA,2019
"1242","48","193","0500000US48193",424,NA,318,NA,2989,NA,2019
"1243","48","335","0500000US48335",293,NA,233,NA,2382,NA,2019
"1244","48","449","0500000US48449",1782,NA,1714,NA,10893,NA,2019
"1245","48","285","0500000US48285",936,NA,625,NA,7826,NA,2019
"1246","48","445","0500000US48445",723,NA,768,NA,4061,NA,2019
"1247","48","497","0500000US48497",2277,NA,2137,NA,22369,NA,2019
"1248","48","321","0500000US48321",2730,NA,1938,NA,13848,NA,2019
"1249","48","371","0500000US48371",726,NA,391,NA,4656,NA,2019
"1250","48","397","0500000US48397",1635,NA,1009,NA,33032,NA,2019
"1251","48","441","0500000US48441",7383,NA,6953,NA,49868,NA,2019
"1252","48","447","0500000US48447",142,NA,68,NA,668,NA,2019
"1253","48","471","0500000US48471",5121,NA,1360,NA,21963,NA,2019
"1254","48","499","0500000US48499",2518,NA,1796,NA,16510,NA,2019
"1255","48","007","0500000US48007",1622,NA,1361,NA,9548,NA,2019
"1256","48","079","0500000US48079",257,NA,156,NA,998,NA,2019
"1257","48","081","0500000US48081",223,NA,136,NA,1644,NA,2019
"1258","48","099","0500000US48099",2730,NA,2544,NA,22322,NA,2019
"1259","48","211","0500000US48211",91,NA,109,NA,1298,NA,2019
"1260","48","341","0500000US48341",737,NA,434,NA,6733,NA,2019
"1261","48","375","0500000US48375",8696,NA,6926,NA,44380,NA,2019
"1262","48","405","0500000US48405",804,NA,549,NA,3451,NA,2019
"1263","48","417","0500000US48417",178,NA,97,NA,1317,NA,2019
"1264","48","427","0500000US48427",5668,NA,6570,NA,16188,NA,2019
"1265","48","461","0500000US48461",196,NA,93,NA,1332,NA,2019
"1266","48","049","0500000US48049",1825,NA,1518,NA,14409,NA,2019
"1267","48","191","0500000US48191",258,NA,205,NA,1267,NA,2019
"1268","48","159","0500000US48159",316,NA,497,NA,3965,NA,2019
"1269","48","163","0500000US48163",1042,NA,968,NA,4542,NA,2019
"1270","48","281","0500000US48281",925,NA,934,NA,7807,NA,2019
"1271","48","001","0500000US48001",2231,NA,2065,NA,16555,NA,2020
"1272","48","005","0500000US48005",4847,NA,6064,NA,31368,NA,2020
"1273","48","007","0500000US48007",1902,NA,1469,NA,9917,NA,2020
"1274","48","011","0500000US48011",45,NA,18,NA,720,NA,2020
"1275","48","013","0500000US48013",1909,NA,2147,NA,15798,NA,2020
"1276","48","017","0500000US48017",310,NA,266,NA,2056,NA,2020
"1277","48","019","0500000US48019",874,NA,664,NA,8697,NA,2020
"1278","48","023","0500000US48023",263,NA,165,NA,1621,NA,2020
"1279","48","025","0500000US48025",1648,NA,1337,NA,8499,NA,2020
"1280","48","029","0500000US48029",95402,NA,85425,NA,644561,NA,2020
"1281","48","031","0500000US48031",498,NA,310,NA,4665,NA,2020
"1282","48","035","0500000US48035",863,NA,735,NA,7255,NA,2020
"1283","48","039","0500000US48039",9867,NA,9738,NA,124184,NA,2020
"1284","48","041","0500000US48041",18741,NA,7383,NA,81514,NA,2020
"1285","48","045","0500000US48045",95,NA,37,NA,588,NA,2020
"1286","48","047","0500000US48047",1062,NA,775,NA,2475,NA,2020
"1287","48","051","0500000US48051",750,NA,638,NA,6931,NA,2020
"1288","48","053","0500000US48053",1319,NA,1039,NA,17384,NA,2020
"1289","48","057","0500000US48057",727,NA,1217,NA,8027,NA,2020
"1290","48","059","0500000US48059",528,NA,472,NA,5372,NA,2020
"1291","48","063","0500000US48063",850,NA,766,NA,4460,NA,2020
"1292","48","065","0500000US48065",143,NA,83,NA,2332,NA,2020
"1293","48","069","0500000US48069",346,NA,342,NA,2557,NA,2020
"1294","48","071","0500000US48071",2098,NA,981,NA,14266,NA,2020
"1295","48","075","0500000US48075",351,NA,228,NA,2308,NA,2020
"1296","48","077","0500000US48077",458,NA,473,NA,4159,NA,2020
"1297","48","081","0500000US48081",250,NA,126,NA,1625,NA,2020
"1298","48","083","0500000US48083",574,NA,329,NA,3492,NA,2020
"1299","48","087","0500000US48087",230,NA,231,NA,1029,NA,2020
"1300","48","089","0500000US48089",875,NA,577,NA,7442,NA,2020
"1301","48","091","0500000US48091",4155,NA,2394,NA,54586,NA,2020
"1302","48","093","0500000US48093",672,NA,498,NA,5416,NA,2020
"1303","48","095","0500000US48095",117,NA,72,NA,876,NA,2020
"1304","48","097","0500000US48097",1672,NA,1511,NA,15530,NA,2020
"1305","48","099","0500000US48099",2502,NA,2432,NA,22324,NA,2020
"1306","48","101","0500000US48101",141,NA,176,NA,703,NA,2020
"1307","48","103","0500000US48103",100,NA,38,NA,1500,NA,2020
"1308","48","105","0500000US48105",213,NA,102,NA,1394,NA,2020
"1309","48","107","0500000US48107",469,NA,490,NA,2107,NA,2020
"1310","48","109","0500000US48109",168,NA,168,NA,668,NA,2020
"1311","48","111","0500000US48111",198,NA,230,NA,2344,NA,2020
"1312","48","113","0500000US48113",122178,NA,100635,NA,945996,NA,2020
"1313","48","115","0500000US48115",912,NA,647,NA,4430,NA,2020
"1314","48","117","0500000US48117",756,NA,955,NA,6053,NA,2020
"1315","48","119","0500000US48119",294,NA,202,NA,2066,NA,2020
"1316","48","121","0500000US48121",20719,NA,13426,NA,300585,NA,2020
"1317","48","123","0500000US48123",1282,NA,823,NA,6823,NA,2020
"1318","48","125","0500000US48125",197,NA,96,NA,861,NA,2020
"1319","48","127","0500000US48127",1173,NA,735,NA,3178,NA,2020
"1320","48","129","0500000US48129",185,NA,46,NA,1344,NA,2020
"1321","48","131","0500000US48131",745,NA,939,NA,3407,NA,2020
"1322","48","135","0500000US48135",7036,NA,6001,NA,53602,NA,2020
"1323","48","137","0500000US48137",91,NA,56,NA,787,NA,2020
"1324","48","141","0500000US48141",54560,NA,54945,NA,273662,NA,2020
"1325","48","143","0500000US48143",2293,NA,1114,NA,14263,NA,2020
"1326","48","147","0500000US48147",1634,NA,1467,NA,12391,NA,2020
"1327","48","149","0500000US48149",1113,NA,674,NA,9033,NA,2020
"1328","48","153","0500000US48153",375,NA,434,NA,2184,NA,2020
"1329","48","155","0500000US48155",65,NA,56,NA,509,NA,2020
"1330","48","159","0500000US48159",350,NA,311,NA,3960,NA,2020
"1331","48","161","0500000US48161",1077,NA,985,NA,6736,NA,2020
"1332","48","165","0500000US48165",872,NA,409,NA,5878,NA,2020
"1333","48","169","0500000US48169",375,NA,286,NA,1713,NA,2020
"1334","48","171","0500000US48171",865,NA,533,NA,10820,NA,2020
"1335","48","175","0500000US48175",513,NA,423,NA,2840,NA,2020
"1336","48","177","0500000US48177",911,NA,1158,NA,7465,NA,2020
"1337","48","181","0500000US48181",5784,NA,5323,NA,49327,NA,2020
"1338","48","183","0500000US48183",7318,NA,6582,NA,46174,NA,2020
"1339","48","187","0500000US48187",5140,NA,4316,NA,55710,NA,2020
"1340","48","189","0500000US48189",2000,NA,1727,NA,10888,NA,2020
"1341","48","193","0500000US48193",501,NA,277,NA,3007,NA,2020
"1342","48","195","0500000US48195",182,NA,125,NA,1859,NA,2020
"1343","48","199","0500000US48199",2947,NA,2624,NA,21188,NA,2020
"1344","48","201","0500000US48201",231814,NA,206773,NA,1635749,NA,2020
"1345","48","205","0500000US48205",121,NA,118,NA,1691,NA,2020
"1346","48","207","0500000US48207",338,NA,352,NA,2162,NA,2020
"1347","48","211","0500000US48211",75,NA,110,NA,1356,NA,2020
"1348","48","213","0500000US48213",5155,NA,4026,NA,31649,NA,2020
"1349","48","217","0500000US48217",1700,NA,1648,NA,13094,NA,2020
"1350","48","219","0500000US48219",1225,NA,998,NA,8071,NA,2020
"1351","48","223","0500000US48223",1726,NA,1457,NA,13514,NA,2020
"1352","48","225","0500000US48225",1351,NA,1239,NA,8234,NA,2020
"1353","48","229","0500000US48229",338,NA,395,NA,1127,NA,2020
"1354","48","231","0500000US48231",4378,NA,4176,NA,33596,NA,2020
"1355","48","235","0500000US48235",79,NA,35,NA,636,NA,2020
"1356","48","237","0500000US48237",537,NA,388,NA,3169,NA,2020
"1357","48","241","0500000US48241",2572,NA,1723,NA,13725,NA,2020
"1358","48","243","0500000US48243",165,NA,196,NA,991,NA,2020
"1359","48","247","0500000US48247",367,NA,465,NA,1545,NA,2020
"1360","48","249","0500000US48249",2553,NA,2273,NA,12924,NA,2020
"1361","48","253","0500000US48253",703,NA,781,NA,5646,NA,2020
"1362","48","255","0500000US48255",714,NA,586,NA,4552,NA,2020
"1363","48","257","0500000US48257",4148,NA,3904,NA,39237,NA,2020
"1364","48","259","0500000US48259",700,NA,571,NA,14789,NA,2020
"1365","48","261","0500000US48261",4,NA,27,NA,129,NA,2020
"1366","48","263","0500000US48263",45,NA,25,NA,286,NA,2020
"1367","48","265","0500000US48265",2128,NA,1854,NA,21278,NA,2020
"1368","48","267","0500000US48267",357,NA,187,NA,1967,NA,2020
"1369","48","269","0500000US48269",21,NA,5,NA,90,NA,2020
"1370","48","271","0500000US48271",158,NA,331,NA,1475,NA,2020
"1371","48","273","0500000US48273",2955,NA,2111,NA,11140,NA,2020
"1372","48","275","0500000US48275",177,NA,155,NA,1394,NA,2020
"1373","48","277","0500000US48277",4027,NA,2743,NA,19995,NA,2020
"1374","48","279","0500000US48279",930,NA,575,NA,4706,NA,2020
"1375","48","281","0500000US48281",867,NA,764,NA,7823,NA,2020
"1376","48","283","0500000US48283",491,NA,282,NA,2142,NA,2020
"1377","48","287","0500000US48287",759,NA,646,NA,6159,NA,2020
"1378","48","289","0500000US48289",1101,NA,589,NA,6837,NA,2020
"1379","48","291","0500000US48291",4285,NA,4548,NA,27417,NA,2020
"1380","48","293","0500000US48293",1569,NA,1182,NA,8292,NA,2020
"1381","48","295","0500000US48295",144,NA,102,NA,1158,NA,2020
"1382","48","297","0500000US48297",742,NA,479,NA,3854,NA,2020
"1383","48","299","0500000US48299",694,NA,662,NA,9031,NA,2020
"1384","48","303","0500000US48303",20931,NA,13725,NA,116535,NA,2020
"1385","48","307","0500000US48307",457,NA,433,NA,3151,NA,2020
"1386","48","309","0500000US48309",16501,NA,11134,NA,91422,NA,2020
"1387","48","313","0500000US48313",568,NA,550,NA,4205,NA,2020
"1388","48","315","0500000US48315",833,NA,1074,NA,4535,NA,2020
"1389","48","319","0500000US48319",193,NA,116,NA,1668,NA,2020
"1390","48","321","0500000US48321",2641,NA,2111,NA,13900,NA,2020
"1391","48","325","0500000US48325",2165,NA,1677,NA,15978,NA,2020
"1392","48","327","0500000US48327",176,NA,52,NA,1035,NA,2020
"1393","48","331","0500000US48331",1547,NA,1222,NA,9468,NA,2020
"1394","48","333","0500000US48333",252,NA,186,NA,1752,NA,2020
"1395","48","337","0500000US48337",1077,NA,885,NA,7969,NA,2020
"1396","48","339","0500000US48339",17806,NA,13026,NA,205719,NA,2020
"1397","48","343","0500000US48343",1014,NA,908,NA,5170,NA,2020
"1398","48","345","0500000US48345",51,NA,58,NA,496,NA,2020
"1399","48","349","0500000US48349",2758,NA,2571,NA,17509,NA,2020
"1400","48","351","0500000US48351",1330,NA,805,NA,5124,NA,2020
"1401","48","355","0500000US48355",21368,NA,21575,NA,130482,NA,2020
"1402","48","357","0500000US48357",427,NA,405,NA,3391,NA,2020
"1403","48","361","0500000US48361",4084,NA,4322,NA,31570,NA,2020
"1404","48","363","0500000US48363",1250,NA,977,NA,10334,NA,2020
"1405","48","367","0500000US48367",4027,NA,2635,NA,45848,NA,2020
"1406","48","369","0500000US48369",468,NA,285,NA,3213,NA,2020
"1407","48","373","0500000US48373",3014,NA,2744,NA,17945,NA,2020
"1408","48","375","0500000US48375",8589,NA,6858,NA,43957,NA,2020
"1409","48","379","0500000US48379",553,NA,574,NA,4321,NA,2020
"1410","48","381","0500000US48381",4390,NA,3181,NA,50092,NA,2020
"1411","48","385","0500000US48385",265,NA,161,NA,1254,NA,2020
"1412","48","387","0500000US48387",1060,NA,699,NA,5143,NA,2020
"1413","48","391","0500000US48391",412,NA,436,NA,2566,NA,2020
"1414","48","393","0500000US48393",26,NA,3,NA,329,NA,2020
"1415","48","397","0500000US48397",1280,NA,1238,NA,34457,NA,2020
"1416","48","399","0500000US48399",507,NA,430,NA,3891,NA,2020
"1417","48","403","0500000US48403",762,NA,618,NA,4524,NA,2020
"1418","48","405","0500000US48405",935,NA,716,NA,3712,NA,2020
"1419","48","409","0500000US48409",3789,NA,4110,NA,23422,NA,2020
"1420","48","411","0500000US48411",221,NA,146,NA,2134,NA,2020
"1421","48","415","0500000US48415",678,NA,312,NA,6115,NA,2020
"1422","48","417","0500000US48417",167,NA,119,NA,1367,NA,2020
"1423","48","421","0500000US48421",97,NA,32,NA,1070,NA,2020
"1424","48","423","0500000US48423",10531,NA,7380,NA,77809,NA,2020
"1425","48","285","0500000US48285",798,NA,666,NA,7904,NA,2020
"1426","48","425","0500000US48425",472,NA,271,NA,3145,NA,2020
"1427","48","427","0500000US48427",5733,NA,6273,NA,16281,NA,2020
"1428","48","429","0500000US48429",654,NA,449,NA,3408,NA,2020
"1429","48","431","0500000US48431",18,NA,40,NA,405,NA,2020
"1430","48","433","0500000US48433",57,NA,76,NA,529,NA,2020
"1431","48","435","0500000US48435",182,NA,123,NA,1282,NA,2020
"1432","48","437","0500000US48437",605,NA,320,NA,2599,NA,2020
"1433","48","439","0500000US48439",74774,NA,73584,NA,722446,NA,2020
"1434","48","441","0500000US48441",6990,NA,6521,NA,50396,NA,2020
"1435","48","443","0500000US48443",43,NA,5,NA,419,NA,2020
"1436","48","445","0500000US48445",719,NA,736,NA,4101,NA,2020
"1437","48","447","0500000US48447",173,NA,59,NA,713,NA,2020
"1438","48","449","0500000US48449",1671,NA,1768,NA,11064,NA,2020
"1439","48","451","0500000US48451",5078,NA,4190,NA,42953,NA,2020
"1440","48","453","0500000US48453",51029,NA,32234,NA,491531,NA,2020
"1441","48","455","0500000US48455",1019,NA,954,NA,6105,NA,2020
"1442","48","457","0500000US48457",1127,NA,1222,NA,7109,NA,2020
"1443","48","459","0500000US48459",2213,NA,2078,NA,14392,NA,2020
"1444","48","461","0500000US48461",163,NA,68,NA,1344,NA,2020
"1445","48","463","0500000US48463",1767,NA,2075,NA,8921,NA,2020
"1446","48","467","0500000US48467",2617,NA,2401,NA,20494,NA,2020
"1447","48","469","0500000US48469",4533,NA,4266,NA,32520,NA,2020
"1448","48","473","0500000US48473",2093,NA,1457,NA,15586,NA,2020
"1449","48","475","0500000US48475",556,NA,469,NA,4100,NA,2020
"1450","48","479","0500000US48479",18264,NA,18759,NA,76382,NA,2020
"1451","48","481","0500000US48481",2448,NA,2472,NA,15248,NA,2020
"1452","48","485","0500000US48485",8359,NA,6493,NA,48538,NA,2020
"1453","48","487","0500000US48487",636,NA,893,NA,5008,NA,2020
"1454","48","491","0500000US48491",10857,NA,9456,NA,188113,NA,2020
"1455","48","493","0500000US48493",1517,NA,1373,NA,15975,NA,2020
"1456","48","497","0500000US48497",2033,NA,2014,NA,22254,NA,2020
"1457","48","499","0500000US48499",2278,NA,1778,NA,16716,NA,2020
"1458","48","503","0500000US48503",1169,NA,866,NA,7491,NA,2020
"1459","48","505","0500000US48505",1458,NA,1141,NA,4689,NA,2020
"1460","48","003","0500000US48003",653,NA,485,NA,5649,NA,2020
"1461","48","009","0500000US48009",445,NA,287,NA,3513,NA,2020
"1462","48","015","0500000US48015",1573,NA,1041,NA,11569,NA,2020
"1463","48","021","0500000US48021",2858,NA,2240,NA,26173,NA,2020
"1464","48","027","0500000US48027",16736,NA,17178,NA,125747,NA,2020
"1465","48","033","0500000US48033",14,NA,10,NA,223,NA,2020
"1466","48","037","0500000US48037",6283,NA,3953,NA,34283,NA,2020
"1467","48","043","0500000US48043",838,NA,498,NA,4292,NA,2020
"1468","48","049","0500000US48049",1884,NA,1654,NA,14614,NA,2020
"1469","48","055","0500000US48055",1824,NA,1210,NA,13774,NA,2020
"1470","48","061","0500000US48061",32609,NA,29993,NA,126968,NA,2020
"1471","48","067","0500000US48067",1873,NA,1811,NA,11962,NA,2020
"1472","48","073","0500000US48073",2632,NA,2742,NA,18540,NA,2020
"1473","48","079","0500000US48079",292,NA,179,NA,1026,NA,2020
"1474","48","085","0500000US48085",22012,NA,9692,NA,353491,NA,2020
"1475","48","133","0500000US48133",1449,NA,983,NA,7017,NA,2020
"1476","48","139","0500000US48139",4784,NA,4491,NA,59399,NA,2020
"1477","48","145","0500000US48145",1342,NA,1000,NA,5552,NA,2020
"1478","48","151","0500000US48151",272,NA,163,NA,1676,NA,2020
"1479","48","157","0500000US48157",17699,NA,15810,NA,248299,NA,2020
"1480","48","163","0500000US48163",1132,NA,1001,NA,4673,NA,2020
"1481","48","167","0500000US48167",14424,NA,14059,NA,125204,NA,2020
"1482","48","173","0500000US48173",47,NA,48,NA,435,NA,2020
"1483","48","179","0500000US48179",1250,NA,1155,NA,7843,NA,2020
"1484","48","185","0500000US48185",1454,NA,1252,NA,9206,NA,2020
"1485","48","191","0500000US48191",185,NA,158,NA,1252,NA,2020
"1486","48","197","0500000US48197",247,NA,293,NA,1672,NA,2020
"1487","48","203","0500000US48203",3977,NA,3384,NA,23841,NA,2020
"1488","48","209","0500000US48209",10372,NA,5103,NA,76724,NA,2020
"1489","48","215","0500000US48215",65268,NA,69373,NA,243878,NA,2020
"1490","48","221","0500000US48221",2021,NA,1329,NA,23215,NA,2020
"1491","48","227","0500000US48227",1580,NA,965,NA,11354,NA,2020
"1492","48","233","0500000US48233",994,NA,650,NA,7074,NA,2020
"1493","48","239","0500000US48239",760,NA,729,NA,4924,NA,2020
"1494","48","245","0500000US48245",15961,NA,14590,NA,94012,NA,2020
"1495","48","251","0500000US48251",5496,NA,5231,NA,58270,NA,2020
"1496","48","301","0500000US48301",0,NA,2,NA,62,NA,2020
"1497","48","305","0500000US48305",382,NA,347,NA,2199,NA,2020
"1498","48","311","0500000US48311",38,NA,23,NA,229,NA,2020
"1499","48","317","0500000US48317",150,NA,148,NA,1722,NA,2020
"1500","48","323","0500000US48323",4742,NA,4427,NA,16647,NA,2020
"1501","48","329","0500000US48329",5677,NA,3287,NA,57917,NA,2020
"1502","48","335","0500000US48335",305,NA,240,NA,2419,NA,2020
"1503","48","341","0500000US48341",759,NA,508,NA,6659,NA,2020
"1504","48","347","0500000US48347",5358,NA,4309,NA,23765,NA,2020
"1505","48","353","0500000US48353",880,NA,782,NA,5516,NA,2020
"1506","48","359","0500000US48359",77,NA,22,NA,646,NA,2020
"1507","48","365","0500000US48365",1142,NA,1247,NA,8662,NA,2020
"1508","48","371","0500000US48371",898,NA,576,NA,4868,NA,2020
"1509","48","377","0500000US48377",949,NA,1122,NA,2580,NA,2020
"1510","48","383","0500000US48383",116,NA,70,NA,1117,NA,2020
"1511","48","389","0500000US48389",540,NA,416,NA,3772,NA,2020
"1512","48","395","0500000US48395",1233,NA,1235,NA,6749,NA,2020
"1513","48","401","0500000US48401",2228,NA,2007,NA,18056,NA,2020
"1514","48","407","0500000US48407",1498,NA,1531,NA,10143,NA,2020
"1515","48","413","0500000US48413",194,NA,72,NA,1036,NA,2020
"1516","48","419","0500000US48419",2125,NA,1636,NA,9486,NA,2020
"1517","48","465","0500000US48465",3398,NA,3109,NA,16388,NA,2020
"1518","48","471","0500000US48471",5185,NA,1538,NA,22515,NA,2020
"1519","48","477","0500000US48477",1442,NA,973,NA,13321,NA,2020
"1520","48","483","0500000US48483",306,NA,261,NA,2060,NA,2020
"1521","48","489","0500000US48489",1568,NA,1556,NA,5882,NA,2020
"1522","48","495","0500000US48495",364,NA,251,NA,2618,NA,2020
"1523","48","501","0500000US48501",299,NA,255,NA,2601,NA,2020
"1524","48","507","0500000US48507",1106,NA,1168,NA,3674,NA,2020
